선박번호,선박명,선박식별번호(IMO),호출부호,선박길이_상,선박길이_하,선박길이_좌,선박길이_우,수신시각,속도,선수방위,헤딩
414920000,CHANG HANG YUAN HAI,0,BPMO9,161,29,15,17,2024-02-20,0,2160,339
413880062,HENIU127,0,0,110,20,8,8,2024-02-20,64,3031,511
413568460,,0,BPKY3,78,15,7,8,2024-02-20,90,5110,511
413880407,,0,3008,50,23,10,4,2024-02-20,40,1381,511
431023176,HKL AOBA,0,JD5352,45,8,6,3,2024-02-20,99,2616,260
413877283,,0,0,10,57,5,6,2024-02-20,0,3347,511
413874771,,0,8866,5,53,6,5,2024-02-20,37,1740,511
413880497,,0,0,6,66,6,7,2024-02-20,11,261,511
431023362,MAISHINMARU,0,0,0,0,0,0,2024-02-20,0,0,511
413565170,,0,0,17,22,7,4,2024-02-20,0,1928,101
414919000,,0,BPLA3,190,35,12,25,2024-02-20,100,1790,511
413568490,,0,0,12,25,5,3,2024-02-20,80,600,511
352003501,TAI SHAN,9405057,3E5158,42,208,14,30,2024-02-20,10,930,511
413880293,,0,0,10,47,5,5,2024-02-20,0,594,511
413572070,HAI XUN 07605,0,0,511,511,63,63,2024-02-20,0,680,511
538010828,,0,V7A7477,194,31,20,12,2024-02-20,0,3330,511
413880273,,0,0,5,57,6,6,2024-02-20,39,2355,511
412283138,,0,0,10,10,3,3,2024-02-20,2,0,511
413385970,HUA  DIAN  1001,9687629,BPAZ3,80,10,35,4,2024-02-20,0,5110,511
352002691,PACIFIC SUCCESS,9903425,3E5005,231,62,21,25,2024-02-20,125,2627,262
431023209,ILEDEVACANCESTHE3RD,0,0,0,0,0,0,2024-02-20,152,1146,511
413286880,,0,0,40,17,5,4,2024-02-20,70,164,0
413512840,CHANGHANGYOU66,0,BPEW2,40,14,5,4,2024-02-20,0,870,511
414921000,GUO YUAN 707,0,BPXR8,180,35,25,10,2024-02-20,110,1410,511
413879961,,0,0,10,55,5,6,2024-02-20,71,745,511
413041809,,0,0,0,0,0,0,2024-02-20,102,2235,511
636093255,GASCHEM FUJI,9961702,5LOV4,10,106,3,15,2024-02-20,0,2760,511
413880105,,0,0,4,61,5,8,2024-02-20,58,907,511
413880688,,0,0,10,47,5,5,2024-02-20,64,2377,511
413874618,,0,0,7,60,5,6,2024-02-20,59,843,511
413870146,,0,0,21,25,6,3,2024-02-20,0,821,119
273259910,KAZAN,9258002,UBSZ5,208,41,44,0,2024-02-20,0,100,511
413880111,TAIJIANG1308,0,0,110,20,9,7,2024-02-20,0,0,511
538010363,,0,V7A5942,205,45,16,28,2024-02-20,120,870,93
413571310,,0,0,40,10,8,4,2024-02-20,0,200,511
413569360,TONG SHENG 002,0,0,15,25,3,6,2024-02-20,0,2040,511
414856000,,0,0,38,126,62,3,2024-02-20,0,3600,511
215564000,YUKA D,9586710,9HA5165,152,27,23,5,2024-02-20,114,1213,120
477929300,CHEM RON,9346457,VRVX2,175,53,17,16,2024-02-20,110,2180,511
413568020,,0,BPKV6,10,102,9,10,2024-02-20,0,2626,287
413566260,,0,BPKP9,40,15,4,4,2024-02-20,87,1825,175
431023196,,0,0,0,0,0,0,2024-02-20,0,835,511
413880413,,0,0,6,20,4,7,2024-02-20,0,5110,511
352003358,,0,0,0,0,0,0,2024-02-20,0,2926,297
431023279,EBISU MARU,0,0,0,0,0,0,2024-02-20,84,3001,511
431022993,OHSHIO,0,JD5304,11,17,4,2,2024-02-20,0,2046,293
413879573,,0,0,7,60,6,5,2024-02-20,63,1283,511
312264000,XI MAO,9370903,V3OI8,62,12,7,5,2024-02-20,100,880,511
440109430,,0,@@D,0,0,0,0,2024-02-20,21,508,0
440313530,JEON JIN HO,0,0,0,0,0,0,2024-02-20,87,2543,511
352003418,,0,0,0,0,0,0,2024-02-20,0,3038,511
431023219,IWAKI MARU,1024340,JD5340,14,18,4,7,2024-02-20,0,198,322
413880481,,0,0,10,44,5,5,2024-02-20,34,2735,511
412362580,,0,YYYY,60,10,13,23,2024-02-20,0,1125,511
352003442,,0,0,0,0,0,0,2024-02-20,0,3200,511
413572150,,0,BPLM6,12,104,17,5,2024-02-20,0,172,283
352003415,JING ZE,9094250,HOA3196,62,14,6,6,2024-02-20,0,139,14
431023298,DAIEI MARU NO.5,1048114,JD5368,63,13,8,4,2024-02-20,104,47,0
413558410,CANXUE,0,BPJI6,20,30,20,30,2024-02-20,0,5110,511
413571490,,0,0,12,105,18,7,2024-02-20,0,290,511
440019120,HONG BO11,0,0,0,0,0,0,2024-02-20,0,0,265
413880275,,0,0,6,58,6,5,2024-02-20,59,1262,511
413880294,,0,0,10,44,5,5,2024-02-20,0,0,511
431022821,ZINRYUMARU,0,0,0,0,0,0,2024-02-20,48,1984,511
538010961,SIDER IMABARI,9984417,V7A6374,156,27,10,21,2024-02-20,123,2147,210
636023610,,0,0,0,0,0,0,2024-02-20,110,1880,511
413399090,,0,0,40,17,3,6,2024-02-20,59,352,511
636023650,HMM GARNET,9944455,5LOT3,125,210,18,33,2024-02-20,109,2056,206
440044570,PLUSHO,0,0,0,0,0,0,2024-02-20,12,2781,511
413880356,JIUJIANGHONGTAI8189,0,0,8,51,6,6,2024-02-20,0,1603,511
413880327,,0,0,6,56,6,5,2024-02-20,52,932,511
413880772,WAN ZHONG HAI 689,0,0,5,60,5,6,2024-02-20,0,447,511
413880454,,0,0,10,57,6,5,2024-02-20,32,2958,511
626354000,GENJI,9289738,TRBC9,173,10,22,10,2024-02-20,3,170,272
413879621,,0,0,5,50,5,5,2024-02-20,26,2063,511
440181670,NO121DAEYANG,0,393DY,0,0,0,0,2024-02-20,0,2075,0
413568090,,0,0,20,18,12,0,2024-02-20,0,3441,61
440281000,PRETTY HANA,9959905,D7CT,0,0,0,0,2024-02-20,100,350,55
431022865,,0,0,5,2,1,1,2024-02-20,53,2696,511
413880142,TAI HU ZHI XING 1HAO,0,0,72,3,10,10,2024-02-20,0,5110,511
440017910,KCG213,0,SSD,0,0,0,0,2024-02-20,1,3170,67
413568920,,0,0,80,20,10,6,2024-02-20,80,950,511
431023402,MOHEIMARU,0,0,0,0,0,0,2024-02-20,112,3034,511
431023338,AKIYOSHIMARU,9983011,JD5341,132,27,20,6,2024-02-20,0,2910,511
412480257,,0,0,19,20,3,4,2024-02-20,0,2617,511
413880351,,0,0,10,40,5,5,2024-02-20,0,290,511
413880504,,0,0,10,57,5,6,2024-02-20,50,799,511
477940600,A ROKKO,9977531,VRVY3,118,24,10,13,2024-02-20,96,2700,270
413879553,,0,0,20,6,5,4,2024-02-20,0,2995,511
431023436,YAWATA MARU,0,0,0,0,0,0,2024-02-20,0,1165,66
440172630,BIG BOS,0,0,0,0,0,0,2024-02-20,53,2899,511
477940300,VICTORY STAR,9283162,VRVY4,104,24,14,6,2024-02-20,0,3570,178
413571920,,0,0,76,16,9,5,2024-02-20,108,2302,233
413572510,,0,0,0,0,0,0,2024-02-20,0,1860,511
636022884,ALJALAA,9343338,5LKW8,209,35,26,16,2024-02-20,0,2870,339
538010946,TS SURABAYA,9955442,V7A6349,117,31,16,7,2024-02-20,0,1570,238
412446659,,0,0,16,15,4,3,2024-02-20,82,1651,511
413565970,,0,0,13,10,2,3,2024-02-20,0,3081,511
413253240,HONGSHENG68,0,0@8@ISB,9,10,3,3,2024-02-20,74,1037,0
413258090,,0,0,50,16,6,6,2024-02-20,0,2475,511
413562790,,0,0,42,12,5,4,2024-02-20,0,2132,170
256559000,CMA CGM LISBON,9431800,9HA5881,193,68,16,16,2024-02-20,20,1070,511
414929000,,0,BPOV5,170,30,23,12,2024-02-20,110,1800,511
413880399,,0,0,10,54,5,5,2024-02-20,0,0,511
413573740,,0,0,21,17,5,7,2024-02-20,0,2310,511
255803260,,0,CQQR,244,74,19,24,2024-02-20,0,0,289
219415000,,0,OZGQ2,153,30,24,8,2024-02-20,1,1042,316
412446521,MINXIAYU01537,0,0,30,20,3,4,2024-02-20,90,2568,511
440172010,MANYUNG,0,0,0,0,0,0,2024-02-20,70,3380,511
538010853,FAIRCHEM PATHFINDER,9975301,V7A7519,133,25,20,7,2024-02-20,130,2180,511
440488000,HMM LE HAVRE,9868314,D7JQ,0,0,0,0,2024-02-20,80,1270,18
416083000,WAN HAI 271,9493250,BHLB,130,42,17,10,2024-02-20,145,342,38
413572140,WU XIANG 99,0,BPLM5,11,105,17,5,2024-02-20,0,2600,511
414930000,,0,BPPN9,164,36,14,18,2024-02-20,50,1830,511
273258510,,0,UBPZ6,21,63,8,10,2024-02-20,0,2260,511
412224147,,0,23746,16,8,3,3,2024-02-20,0,1694,511
413480240,,0,0,40,16,3,6,2024-02-20,0,0,511
223539346,,0,0,453,129,37,37,2024-02-20,3,0,511
412217594,,0,0,4,5,1,2,2024-02-20,0,1316,511
223539349,,0,0,453,129,37,37,2024-02-20,1,0,511
412210989,,0,0,6,6,2,2,2024-02-20,0,1690,511
413865506,,0,0,3,36,2,6,2024-02-20,0,0,511
511101319,INDIGIRKA,9003639,T8A4640,42,36,6,7,2024-02-20,0,2790,511
413880143,TAI HU ZHI XING 2HAO,0,0,85,4,10,10,2024-02-20,0,5110,511
412282453,,0,0,17,17,4,3,2024-02-20,84,1585,511
413880702,,0,0,8,57,6,6,2024-02-20,37,1658,511
352003337,LIMONE,9989871,3E7494,100,21,15,5,2024-02-20,105,2097,212
431023416,AMAMASA MARU,0,0,0,0,0,0,2024-02-20,4,2869,291
431023394,NICHIJIMA MARU,1026427,JD5375,61,14,8,4,2024-02-20,0,390,511
413880821,JIAGANG77,0,0,10,54,6,6,2024-02-20,71,965,511
431023553,NIKKO MARU NO.18,1036159,JD5379,63,12,3,9,2024-02-20,110,1891,188
352003496,,0,3E5155,162,27,26,6,2024-02-20,0,2481,305
431023355,SUSQUE HANNA,0,0,0,0,0,0,2024-02-20,0,1185,511
416082000,WAN HAI 273,9493274,BHKW,130,42,18,9,2024-02-20,0,2972,118
538010569,PUTERI LEDANG,9947598,V7A6227,230,60,13,33,2024-02-20,170,2390,242
636023379,,0,5LNK7,115,251,35,16,2024-02-20,100,2260,511
661301105,,0,0,0,0,0,0,2024-02-19,91,70,511
431023223,NO.27 KYUEI MARU,0,0,0,0,0,0,2024-02-19,1,2427,511
413880106,,0,0,7,57,6,6,2024-02-19,39,3575,511
440413810,HAE YOUNG HO,0,503,0,0,0,0,2024-02-19,96,2419,511
413880104,,0,0,5,47,5,5,2024-02-19,46,2669,511
413568940,,0,0,134,10,14,13,2024-02-19,0,1550,511
412445411,,0,0,30,25,4,4,2024-02-19,112,2491,511
440062420,GEO MYEONG,0,0,0,0,0,0,2024-02-19,123,123,511
352003477,CHUNRONG803,1037165,3E5137,98,21,8,12,2024-02-19,100,2210,511
412475656,,0,PY80366,25,15,3,3,2024-02-19,106,2461,511
413880097,,0,0,17,50,5,8,2024-02-19,62,3061,511
440182150,HY GWANGYANG,0,SSD,0,0,0,0,2024-02-19,3,718,293
440601850,MYOUNGKWANGHO,0,601,0,0,0,0,2024-02-19,71,3094,511
413880339,,0,0,5,47,5,5,2024-02-19,59,3600,511
413879571,CHENG SHI 010,0,0,8,59,6,5,2024-02-19,44,2679,267
440139220,,0,0,12,5,2,3,2024-02-19,76,2727,272
413880282,,0,0,5,47,3,7,2024-02-19,0,1890,511
440130480,STELLA HO,0,240003,0,0,0,0,2024-02-19,99,2231,227
413286660,TIAN YU96,0,0,40,17,3,6,2024-02-19,77,827,511
636022489,ASL QINGDAO,9959046,5LJA8,136,36,22,6,2024-02-19,148,2122,212
416254900,HIGHLY ADVANCED,9601807,BR4699,90,6,3,10,2024-02-19,0,3060,44
413880512,,0,0,5,60,6,6,2024-02-19,68,3600,511
413880613,,0,0,10,48,5,5,2024-02-19,48,3404,511
431023286,HAKUHOU  MARU,0,0,0,0,0,0,2024-02-19,0,1794,283
352003368,,0,3E7522,132,28,7,19,2024-02-19,1,229,301
431023384,HANARIA,0,JD5315,15,15,5,5,2024-02-19,0,2630,511
700056197,,0,0,511,511,63,63,2024-02-19,2,2859,285
412463887,MINXIAYU09735,0,0,30,20,3,4,2024-02-19,87,2552,255
636022953,ZIM ARIES,9963217,5LLF5,107,165,16,26,2024-02-19,149,438,43
412522178,,0,0,23,23,4,4,2024-02-19,0,0,511
417222463,LANKA FREEDOM,9058610,4RGC,46,11,2,7,2024-02-19,0,2460,511
412210009,,0,0,6,6,2,3,2024-02-19,0,2858,511
636093265,XT BRIGHTNESS,9988059,5LPA3,113,25,14,6,2024-02-19,110,1950,511
431600147,KOUYOUMARU NO3,0,0,0,0,0,0,2024-02-19,112,248,511
440717600,GYEONG GIDOSEON HO,0,123,0,0,0,0,2024-02-19,80,592,511
412369905,,0,0,15,15,4,3,2024-02-19,0,0,511
413880401,,0,0,10,47,5,5,2024-02-19,0,3600,511
413880464,,0,0,10,48,5,5,2024-02-19,0,1953,511
677086700,SHENG SHI 569,9314569,5IM967,68,12,6,8,2024-02-19,81,1094,106
413573780,,0,0,10,103,10,9,2024-02-19,57,2993,511
352003535,WAN HANG 2,9569152,3E5186,150,18,7,16,2024-02-19,71,1805,173
412412247,,0,0,15,5,2,2,2024-02-18,0,1659,0
413880479,,0,0,10,44,5,5,2024-02-18,60,2538,0
413880633,,0,0,5,48,6,5,2024-02-18,49,3522,511
440406160,,0,513,8,4,2,2,2024-02-18,101,1490,149
413880183,,0,0,10,43,6,5,2024-02-18,66,2693,511
431022474,KIHOUMARU NO.78,0,0,0,0,0,0,2024-02-18,0,1821,511
412477394,,0,1234567,8,4,2,2,2024-02-18,95,2227,511
413880337,,0,0,10,43,6,5,2024-02-18,0,1721,511
440083810,NO.502 HAERYONG,9332377,41297,17,20,5,5,2024-02-18,13,536,511
412477408,,0,0,15,0,2,2,2024-02-18,64,1651,511
438997744,,1048577,105305,28,7,3,5,2024-02-18,1023,3600,340
413880333,,0,0,8,44,5,5,2024-02-18,69,896,511
431022498,KOUKIMARU NO18,0,0,0,0,0,0,2024-02-18,0,3157,511
413880384,,0,0,7,50,5,5,2024-02-18,41,3356,511
14060040,,0,0,0,0,0,0,2024-02-18,0,0,0
413880179,,0,0,4,45,4,6,2024-02-18,32,2205,511
413880205,,0,0,5,60,6,6,2024-02-18,28,3552,511
413880516,,0,0,10,43,6,5,2024-02-18,0,1478,511
413567090,,0,BPKR7,132,35,17,10,2024-02-18,107,2100,209
413269570,,0,0,25,16,6,6,2024-02-18,1,1217,0
431009741,BELUGA,0,0,0,0,0,0,2024-02-18,122,2230,224
413880528,,0,0,6,66,6,7,2024-02-17,0,3272,511
796009020,,0,0,6,6,1,1,2024-02-17,57,450,511
413880353,,0,0,7,49,5,5,2024-02-17,56,2554,511
413880035,,0,0,10,57,5,6,2024-02-17,71,3077,511
413856938,,0,0,8,35,3,5,2024-02-17,48,3390,1
352003426,CHENG QING 2,1039151,3E7570,131,28,10,16,2024-02-17,100,290,511
352003451,SEA TAURUS,9284295,3E5116,255,34,18,27,2024-02-17,116,2120,209
352003379,SCROOGE MCDUCK,9227675,3E7532,193,32,14,18,2024-02-17,118,1135,116
477929400,,0,VRVW2,100,236,15,36,2024-02-17,130,2300,511
431023155,,0,0,0,0,0,0,2024-02-17,104,286,511
413880503,,0,0,5,47,6,4,2024-02-17,0,3392,511
440715500,BONG YI HO,0,0,0,0,0,0,2024-02-17,0,0,0
413880338,,0,YYYY,80,25,8,8,2024-02-17,39,2909,511
636023454,SHINE JADE,9971472,5LNU5,197,32,21,11,2024-02-17,128,2121,210
413876024,,0,456789,100,10,8,8,2024-02-17,0,0,511
431023226,SYOUSEIMARU,0,0,0,0,0,0,2024-02-17,107,513,511
412480258,,0,69375,19,20,4,3,2024-02-17,81,198,19
431021409,FUKUEI MARU NO18,0,0,0,0,0,0,2024-02-17,0,3128,511
412481038,ZHE DAI YU 06860,0,0,30,20,4,3,2024-02-17,20,1570,511
352003333,AOI,9988671,3E7490,115,18,17,6,2024-02-17,100,2180,511
431023341,NO.2DAIRYOUMARU,0,0,0,0,0,0,2024-02-17,6,1845,511
352003105,KWANGYANG VOYAGER,9963164,3E5991,148,48,25,8,2024-02-16,141,3091,306
413880671,,0,0,7,50,5,5,2024-02-16,53,3600,511
440175140,MYEONG IN HO,0,0,0,0,0,0,2024-02-16,174,3367,511
413880439,,0,0,6,43,5,5,2024-02-16,45,2556,511
273253810,GAMOV,9279460,SSD,36,21,4,6,2024-02-16,110,560,511
538010537,,0,0,0,0,0,0,2024-02-16,96,2989,298
413880411,,0,0,8,50,5,6,2024-02-16,26,2607,511
413880521,ZHETONGXIANGCAO02555,0,0,15,34,5,5,2024-02-16,43,3143,511
413572610,WEI YE66,0,BPLO8,124,25,13,8,2024-02-16,82,2005,201
431023211,,0,0,8,6,2,2,2024-02-16,21,2834,511
413880505,,0,3008,8,50,5,5,2024-02-16,60,2302,511
440090001,WANGIAO44009  167,0,0,0,0,0,0,2024-02-16,2,2232,223
440501770,EUN A HO,0,123,0,0,0,0,2024-02-16,118,308,0
440410650,,0,505,0,0,0,0,2024-02-16,57,1798,0
413879957,,0,0,4,50,5,5,2024-02-16,60,2981,511
431023115,,0,0,23,15,3,3,2024-02-16,110,406,39
412217567,,0,0,5,5,1,2,2024-02-16,2,3334,511
413879785,,0,0,5,47,5,5,2024-02-16,66,871,511
413880694,,0,0,15,35,5,5,2024-02-16,44,3055,511
412353091,,0,50998,35,15,4,3,2024-02-16,14,1519,511
431023266,NO.16 GINYOMARU,0,0,0,0,0,0,2024-02-16,52,2258,511
405000379,BASHUNDHARA EMPRESS,9233442,S2CF8,165,25,20,12,2024-02-16,113,2341,235
413880375,WAN HE FEI HUO 6696,0,0,10,44,5,5,2024-02-15,71,2792,511
10669873,,0,0,0,0,0,0,2024-02-15,12,490,511
440315150,7 DONG SEONG HO,0,0,0,0,0,0,2024-02-15,46,3180,511
100925688,MINFUDINGYU01968,123456789,1234567,16,10,4,2,2024-02-15,85,3067,511
412035618,LIAOSUIYU35618,0,0,26,20,4,3,2024-02-15,22,1798,511
440079320,DAE SEONG HO,0,0,0,0,0,0,2024-02-15,81,282,511
352003264,,0,3E7435,163,27,10,22,2024-02-15,100,2130,511
280888606,,0,0,0,0,0,0,2024-02-15,6,3017,511
440161030,,0,700,0,0,0,0,2024-02-15,151,1228,511
431023278,DAIKATUMARU,0,0,0,0,0,0,2024-02-15,111,1560,511
413880331,,0,0,5,59,7,5,2024-02-15,71,2692,511
431022706,BADHI- 3,0,0,0,0,0,0,2024-02-15,121,1494,511
413880695,,0,0,5,60,7,6,2024-02-15,88,2221,511
413571670,,0,BPLJ2,12,104,17,5,2024-02-15,50,3160,511
223539355,,0,0,453,129,37,37,2024-02-15,2,0,511
440160560,SEOUL 9HO,0,0,0,0,0,0,2024-02-15,0,3024,511
413880478,,0,0,10,57,5,6,2024-02-14,66,2288,511
413875771,CHINACOASTGUARD6502,0,0,73,34,5,11,2024-02-14,0,5110,511
412353725,,0,0,24,15,4,4,2024-02-14,121,1332,511
412479637,,0,0,20,20,4,3,2024-02-14,31,86,511
413399140,TIAN YU28,0,0,40,17,3,6,2024-02-14,62,2452,511
412412819,,0,0,14,14,3,3,2024-02-14,19,2570,511
431022499,SEIRYOUMARU NO.32,0,0,0,0,0,0,2024-02-14,2,278,511
413879856,,0,0,7,60,5,6,2024-02-14,36,3004,511
431021725,SEIYOMARU NO.24,0,0,0,0,0,0,2024-02-14,0,272,511
413880082,,0,0,8,50,5,6,2024-02-14,30,2951,511
431023306,NAKOSO OOTORIMARU,0,0,0,0,0,0,2024-02-14,27,437,511
132280040,,0,0,4,4,1,2,2024-02-14,7,0,511
413010141,,0,0,7,8,2,2,2024-02-14,0,0,0
440409320,TAEGEUK2HO,0,0,0,0,0,0,2024-02-14,80,826,511
440195910,,0,300,0,0,0,0,2024-02-14,130,1325,511
431023224,DAI8HOUUNMARU,0,0,0,0,0,0,2024-02-14,10,586,511
431022875,CHUUHOUMARU,0,0,0,0,0,0,2024-02-14,88,856,85
212438244,,0,0,25,5,3,2,2024-02-14,104,800,79
431023225,TAITOUMARU,0,0,0,0,0,0,2024-02-14,69,2351,511
413880398,,0,0,10,47,5,5,2024-02-14,31,2849,511
131820024,,0,0,4,4,1,2,2024-02-14,4,70,511
413880579,XIANG YUN 2023,0,0,10,57,5,6,2024-02-14,0,0,0
413876358,,0,0,10,57,6,5,2024-02-14,0,3600,511
413875847,CHINACOASTGUARD32603,0,32603,30,44,6,5,2024-02-13,130,2810,511
431023232,,0,0,60,4,14,10,2024-02-13,26,3550,511
241877000,,0,0,0,0,0,0,2024-02-13,69,2406,249
414927000,,0,0,0,0,0,0,2024-02-13,110,2200,511
352003412,BRIGHT TSUBAKI,9989819,3E7557,146,39,11,24,2024-02-13,190,2230,511
440469613,ZHEDAIYU04695-13A-,0,0,0,0,0,0,2024-02-13,3,1070,107
413874905,,0,0,5,52,3,7,2024-02-13,80,3157,511
413880604,,0,0,6,48,5,5,2024-02-13,0,2825,511
477941200,ZIM MOUNT ELBRUS,9932529,VRVC3,111,255,21,30,2024-02-13,215,961,97
416445522,ANTAISHUN67,0,0,35,15,4,3,2024-02-12,104,2247,511
256730000,CMA CGM IVANHOE,9365805,9HA5951,258,92,25,17,2024-02-12,144,2320,235
431023174,TONANMARU,0,0,0,0,0,0,2024-02-12,79,77,511
440307170,LA ON,0,0,0,0,0,0,2024-02-12,3,0,0
412353562,,0,0,8,9,2,3,2024-02-12,0,2395,511
412549597,ZHOU YU 935,1046398,BZVF5,20,20,4,4,2024-02-12,0,3600,511
538011017,,0,V7A6457,167,19,25,10,2024-02-12,139,988,100
636093261,MIKATA,9295608,D5NE2,252,37,30,15,2024-02-12,109,2290,233
413880332,,0,0,8,44,5,5,2024-02-11,29,1402,511
412473216,,0,0,33,10,4,3,2024-02-11,92,2286,511
431023094,KAISEIMARU,0,0,0,0,0,0,2024-02-11,246,3187,511
413870271,,0,0,6,12,2,2,2024-02-11,0,2627,0
413879622,,0,0,5,50,5,5,2024-02-11,23,3440,511
431023304,KOUYOUMARU NO26,0,0,0,0,0,0,2024-02-11,88,1228,511
412501611,,0,0,0,0,0,0,2024-02-11,44,2274,511
10682783,,0,0,0,0,0,0,2024-02-10,10,3390,511
440081650,CHUNGJUNG19HO,0,0,0,0,0,0,2024-02-10,2,1376,511
440191550,SU DEOG,0,0,0,0,0,0,2024-02-10,1,51,511
415970080,,0,0,6,6,3,3,2024-02-10,10,173,511
431453000,YUGE MARU,9996264,7KPQ,13,43,7,3,2024-02-10,0,735,205
413880358,,0,0,10,54,5,5,2024-02-10,66,2359,511
413880581,,0,0,6,48,6,4,2024-02-10,33,2606,511
413880032,,0,0,10,57,5,6,2024-02-09,41,2653,511
413572850,GUANG XING 928,0,0,8,76,9,9,2024-02-09,180,4210,511
412324481,,0,0,10,9,3,2,2024-02-09,78,939,511
413395960,HONG RUN YOU 3,0,0,30,15,4,4,2024-02-09,0,123,511
431023404,DAI3KATSUEIMARU,0,0,0,0,0,0,2024-02-09,126,1603,511
445781000,,0,0,0,0,0,0,2024-02-08,0,1672,511
413876425,,0,ZKHX,110,20,8,8,2024-02-07,0,3050,511
538010958,LOWLANDS CONCORD,9959412,V7A6368,204,25,22,10,2024-02-07,120,1310,511
910231314,,0,0,511,511,63,63,2024-02-07,12,2770,511
413879987,SUYUANZHOU6789,0,0,5,62,7,4,2024-02-07,64,742,74
413877058,TENG FENG 9,0,0,89,20,8,8,2024-02-07,6,2110,511
412608867,ZHE CANG YU 08867,0,0,0,0,0,0,2024-02-07,88,2579,259
405000393,ZAYD JAHAN,9749726,S2CM6,169,30,24,12,2024-02-07,100,2150,511
660145902,,0,0,0,0,0,0,2024-02-07,12,3380,511
538010815,FU CHUN JIANG,9990818,V7A7463,169,30,22,10,2024-02-07,21,2266,228
413879849,,0,552,10,57,5,6,2024-02-07,0,2384,0
412364265,,0,0,17,16,4,3,2024-02-07,2,0,511
431019308,SUWAMARU122GO,0,0,0,0,0,0,2024-02-07,1,253,511
431001678,NANSEIMARU NO.2,0,0,0,0,0,0,2024-02-07,116,366,34
352003490,,0,0,0,0,0,0,2024-02-07,0,2660,511
960855501,,0,0,0,0,0,0,2024-02-07,34,544,511
412210745,,0,0,13,12,3,3,2024-02-07,0,0,511
413880654,,0,0,4,50,4,6,2024-02-07,51,2894,511
412473265,,0,0,0,0,0,0,2024-02-07,25,3245,511
796017102,,0,0,1,1,1,1,2024-02-07,0,0,511
416009616,YO SHENG,0,BR4891,0,0,0,0,2024-02-06,190,2260,511
413879801,,0,0,10,57,5,6,2024-02-06,42,2775,511
412479582,,0,0,17,17,3,3,2024-02-06,80,3563,358
440705480,NEW AULGI CARFERRY,0,0,0,0,0,0,2024-02-06,14,1897,5
412445507,MINFUDINGYU08122,0,0,25,25,3,4,2024-02-06,88,694,511
440602790,,0,300,0,0,0,0,2024-02-06,100,3144,314
412446515,,0,0,30,40,3,4,2024-02-06,95,521,511
636021961,NEW ALLIANCE,9953901,5LGN7,199,44,27,17,2024-02-06,118,453,37
413879955,,0,0,5,48,5,5,2024-02-05,58,2461,511
477940500,ZIM MOUNT OLYMPUS,9932505,VRVB9,111,255,21,30,2024-02-05,182,925,95
440323740,,0,600,10,14,2,3,2024-02-05,0,904,511
666666392,,0,392,12,6,2,1,2024-02-05,59,2873,287
413879799,,0,0,8,60,6,6,2024-02-04,73,2429,511
636023536,THERMAIKOS,9802255,5LOE5,178,22,21,11,2024-02-04,100,750,511
352003425,BRAVE SAPPHIRE,9998274,3E7569,104,19,16,6,2024-02-04,113,2209,223
412217615,,0,0,3,4,1,1,2024-02-04,0,3309,511
636015404,METHONI,9256755,D5AN2,214,91,10,30,2024-02-04,49,2997,300
413880514,,0,0,5,45,5,5,2024-02-03,0,1955,511
636022126,HENG MAY,9980174,5LHH5,254,38,27,18,2024-02-03,130,1502,148
431019728,KOUSHOUMARU,0,0,0,0,0,0,2024-02-03,320,94,20
441840092,13299 12         8V1,0,0,0,0,0,0,2024-02-03,82,681,0
414934000,,0,BPVZ8,42,153,2,48,2024-02-03,100,2100,511
440216620,,0,0,0,0,0,0,2024-02-02,70,1120,0
440332960,,0,0,0,0,0,0,2024-02-02,48,2630,0
440103770,,0,0,0,0,0,0,2024-02-02,112,3021,0
440123190,,0,600,0,0,0,0,2024-02-02,60,2435,511
413880689,,0,0,7,50,5,5,2024-02-01,67,2581,511
412336649,,0,0,20,19,4,4,2024-02-01,2,0,511
223540020,,0,0,511,511,63,63,2024-02-01,2,1641,511
477928700,GUSTAV MAERSK,9359038,VRVP3,264,103,22,20,2024-02-01,200,900,511
413880419,,0,0,110,20,8,8,2024-01-31,0,0,511
412280453,,0,0,20,20,4,4,2024-01-31,1,2221,511
412479629,,0,0,23,22,4,4,2024-01-31,0,0,511
413865441,,0,0,9,70,7,9,2024-01-31,76,2414,511
440093720,2023 SUNG DEOK HO,0,0,0,0,0,0,2024-01-31,104,2692,269
440171070,,0,995,0,0,0,0,2024-01-31,4,790,511
412280452,JIHUANGYUSHUI02816,0,0,50,10,8,8,2024-01-31,0,1358,511
352003419,BRIGHT FUJI,9989833,3E7563,133,39,7,21,2024-01-31,121,1454,154
256108000,CMA CGM MEKONG,9718105,9HA5698,126,174,17,31,2024-01-31,107,2211,224
636023375,HG HAMBURG,9954981,5LNK3,174,26,22,10,2024-01-30,120,2020,511
255915661,ZIM YANGTZE,9954175,CQ2119,195,60,13,24,2024-01-30,170,620,511
563217800,MU DAN SONG,9608831,9V9241,161,19,13,14,2024-01-30,130,2260,511
352003472,KONGM,9256975,3E5132,291,45,31,29,2024-01-30,90,1970,511
352003435,OCEAN CONDUCTOR,9972012,3E5102,154,29,10,20,2024-01-30,110,1510,511
200051569,,0,3838,0,0,0,0,2024-01-30,100,2443,244
413879835,,0,456789,95,15,8,8,2024-01-29,45,2641,511
413871368,,0,0,23,23,8,8,2024-01-29,0,2784,511
431023393,HOZAN2,0,0,0,0,0,0,2024-01-29,18,3061,302
205027000,MINERAL LUXEMBOURG,9950260,ONLS,258,42,29,21,2024-01-29,102,1942,191
413880534,,0,0,8,60,7,6,2024-01-29,54,2534,511
445056000,,0,0,0,0,0,0,2024-01-27,0,740,511
209111000,STAR LIBRA,9731444,5BPH4,257,43,28,22,2024-01-27,96,2026,198
413880488,LONG YING ZHI XING,0,0,6,61,6,5,2024-01-27,65,2423,511
100088306,,0,0,0,0,0,0,2024-01-27,17,410,511
538009931,ASL CRYSTAL,9778997,V7A5358,156,24,20,10,2024-01-27,80,1240,511
412333996,,0,0,6,6,2,2,2024-01-27,59,143,511
440051420,3GUMYOUNGHO,0,0,0,0,0,0,2024-01-26,2,7,511
538010698,ENERGY FORTITUDE,9948700,V7A7281,233,57,31,15,2024-01-26,146,2008,197
413880628,,0,0,10,42,6,5,2024-01-25,0,1811,511
413880257,,0,0,15,95,8,8,2024-01-25,79,3084,511
413569950,,0,0,20,15,8,3,2024-01-25,0,1500,43
413880801,,0,0,5,60,5,6,2024-01-25,52,1710,511
456237850,,0,0,0,0,0,0,2024-01-25,66,1957,195
413568450,AN DA 602,0,0,8,5,2,2,2024-01-25,0,3114,511
413296310,,0,0,10,7,1,1,2024-01-24,0,1046,511
412332567,L8,0,0,100,20,13,16,2024-01-24,52,2440,511
413880063,HENIU135,0,456789,115,15,8,8,2024-01-24,62,3445,511
538010897,FRONT NEIDEN,9877779,V7A6289,281,55,31,29,2024-01-24,130,2210,511
249509000,MONACO,9389708,9HTY9,192,68,12,20,2024-01-24,127,2089,210
431600828,,0,0,13,22,3,4,2024-01-24,0,1424,511
440132630,,0,668,0,0,0,0,2024-01-23,40,3460,511
636023247,CL LIANYUNGANG,9747302,5LMT3,196,33,12,20,2024-01-23,110,570,511
413880083,,0,0,5,47,3,7,2024-01-23,26,2613,511
440070003,QIONGLE44007 3 57,0,0,0,0,0,0,2024-01-23,1,3100,310
440070002,QIONGLE44007 2 75,0,0,0,0,0,0,2024-01-23,3,1670,167
413880087,,0,0,32,20,5,5,2024-01-23,47,1637,511
413880091,,0,0,7,60,4,7,2024-01-23,0,0,0
10680193,,0,0,0,0,0,0,2024-01-23,13,1590,511
413880562,,0,0,5,47,5,5,2024-01-23,0,3583,511
413566370,,0,BPKQ6,155,27,18,12,2024-01-22,110,2130,511
413874772,,0,6888,5,53,6,5,2024-01-22,0,2553,511
413880529,,0,0,30,13,10,6,2024-01-22,0,341,511
431023283,NO.55 KAIUNMARU,0,0,0,0,0,0,2024-01-22,0,1076,511
413880349,,0,0,10,40,5,5,2024-01-22,33,2199,511
352003452,SAMBONG ARTEMIS,9848821,3E5117,93,27,5,15,2024-01-22,0,2100,511
420324886,,0,61006,12,6,3,1,2024-01-21,31,2559,255
413877264,,0,0,10,57,5,6,2024-01-21,73,2832,511
440090930,,0,600,0,0,0,0,2024-01-21,70,2837,0
440316960,,0,620,0,0,0,0,2024-01-21,0,0,0
413112005,,0,0,0,0,0,0,2024-01-21,1,1453,511
413880494,,0,0,10,44,5,5,2024-01-21,41,2730,511
413880535,,0,0@@AISB,4,46,4,7,2024-01-21,46,3100,0
412333868,,0,0,6,6,2,1,2024-01-21,2,3594,511
413876001,,0,34526,0,0,0,0,2024-01-20,70,1900,511
413110609,,0,0,0,0,0,0,2024-01-20,112,2152,511
440090005,WANGBIAO44009 590,0,0,0,0,0,0,2024-01-20,0,2950,295
413569550,,0,0,9,30,4,5,2024-01-20,11,3535,153
440070004,QIONGLE44007 4 77,0,0,0,0,0,0,2024-01-20,33,160,16
538010461,STI MAGIC,9829447,V7A6075,149,34,10,22,2024-01-20,120,1590,511
413877199,,0,0,20,18,4,5,2024-01-20,0,482,511
413880435,,0,0,41,9,8,2,2024-01-20,57,3116,511
223517285,,0,0,0,0,0,0,2024-01-19,4,2206,511
903158027,,0,0,0,0,0,0,2024-01-19,2,50,511
352003408,,0,3E7555,161,28,20,12,2024-01-19,105,2124,212
413880565,,0,0,90,15,8,8,2024-01-19,35,3072,307
72280002,ZHEDAIYU07228-02,0,0,0,0,0,0,2024-01-19,1,1529,511
200221235,,0,88151,8,5,2,1,2024-01-19,0,996,511
412230028,,0,0,5,5,2,1,2024-01-19,231,2912,511
412230031,,0,0,4,3,2,1,2024-01-19,186,3079,302
600923040,,0,802,4,6,1,2,2024-01-19,23,3103,511
440097240,,0,200,0,0,0,0,2024-01-18,153,1860,511
111100914,,0,0,5,5,3,3,2024-01-18,73,560,511
416009449,TAI JIN,0,BK8353,5,5,2,2,2024-01-18,78,1155,511
413880495,,0,0,5,62,8,3,2024-01-18,0,2398,511
413547230,,0,0,10,10,3,3,2024-01-18,59,1669,11
440096850,,0,201,0,0,0,0,2024-01-18,11,2473,511
413880253,,0,0,5,45,5,5,2024-01-18,29,2069,511
600930200,,0,1234567,3,5,1,2,2024-01-18,7,1470,511
636023708,CASABLANCA TIGER,9965796,5LPA6,164,26,21,11,2024-01-17,111,2003,206
413864192,,0,0,5,40,4,5,2024-01-17,62,2680,511
352003503,H CACHALOT,9192686,3E5160,159,23,13,13,2024-01-17,120,2050,511
413877081,,0,0,90,20,5,11,2024-01-17,51,2757,511
413880277,,0,0,6,48,4,7,2024-01-17,63,2856,511
412331455,,0,0,3,3,2,1,2024-01-17,0,0,511
413516640,,0,0,40,12,6,6,2024-01-17,0,0,0
42951923,,0,0,0,0,0,0,2024-01-16,4,70,511
42950624,,0,0,0,0,0,0,2024-01-16,11,460,511
413880031,,0,0,7,60,5,6,2024-01-16,0,1105,511
232191650,,0,0,0,0,0,0,2024-01-15,16,1810,511
413879899,DIHAO23,0,0,9,100,6,10,2024-01-15,53,2819,511
413880313,,0,0,8,44,5,5,2024-01-15,46,1805,511
413873829,,0,0,10,57,5,6,2024-01-15,318,994,95
413879599,SHENGTONG1011,0,0,115,15,8,8,2024-01-15,0,0,511
100436907,,0,0,0,0,0,0,2024-01-14,1,40,511
413874287,,0,0,3,50,4,7,2024-01-14,19,852,511
440600441,DAE DUCK HO,0,0,0,0,0,0,2024-01-14,85,3437,511
352003482,XIN HE LU 6,9400124,3E5142,220,55,6,26,2024-01-14,150,2150,511
412214481,,0,0,4,4,1,2,2024-01-14,0,934,511
412225328,,0,0,9,9,3,2,2024-01-14,5,1901,511
413874974,,0,0,7,50,5,5,2024-01-13,0,2226,511
232051421,UBUNTU LIBERTY,9957036,MOLM2,254,46,27,21,2024-01-13,130,1910,511
414924000,,0,BPYJ5,181,28,16,19,2024-01-13,96,2027,208
413873737,,0,0,5,53,5,5,2024-01-13,55,2578,511
440059430,,0,500,7,4,2,2,2024-01-13,74,1417,0
352003093,YPSOS,9493585,3E5980,258,34,28,17,2024-01-13,1,500,177
413880303,,0,0,10,44,5,5,2024-01-13,71,2384,511
636023331,ODIN HIGHWAY,9948152,5LNE5,39,160,18,20,2024-01-12,181,2248,226
1860014,,0,0,0,0,0,0,2024-01-11,53,1770,177
413880039,,0,0,5,48,5,6,2024-01-11,0,0,511
895819903,,0,0,0,0,0,0,2024-01-11,104,2810,511
391226939,,0,@@@@@@O,511,1,63,0,2024-01-11,6,1241,511
200202744,,0,0,7,3,2,2,2024-01-11,28,2795,279
636023725,WLADYSLAW ORKAN,9271925,5LPC5,184,16,14,14,2024-01-11,140,1190,511
412229842,,0,0,7,6,2,2,2024-01-11,98,776,511
413880335,,0,0,12,40,4,6,2024-01-10,48,3288,511
413112004,,0,0,0,0,0,0,2024-01-10,68,147,511
445965000,,0,0,0,0,0,0,2024-01-10,65,893,511
808465475,SHUIYUNJI09858,0,0,48,48,48,48,2024-01-10,0,1089,108
228456800,HAKONE,9398084,FMYE,280,53,23,37,2024-01-10,124,2540,260
10465933,,0,0,0,0,0,0,2024-01-09,19,1120,511
413112507,,0,0,0,0,0,0,2024-01-09,106,632,511
44000089,SUQIYU04400*089_7.9V,0,0,3,5,1,2,2024-01-09,9,3266,0
563213100,BATAVIA EXPRESS,9539987,9V8895,187,28,22,15,2024-01-08,120,2260,511
413880297,,0,0,10,42,6,5,2024-01-08,0,1090,511
352003449,,0,3E5114,170,29,20,12,2024-01-08,110,1990,511
538010963,DARYA SATYA,9980291,V7A6376,172,25,8,24,2024-01-08,90,2220,511
357530000,GREEN PIONEER,9471018,3EBY2,139,35,14,14,2024-01-08,145,2083,212
412524312,,0,0,21,20,4,3,2024-01-07,87,1801,511
563198300,ALS LUNA,9969390,9V8628,194,61,27,16,2024-01-07,170,898,96
900207203,,0,0,0,0,0,0,2024-01-07,105,2396,511
413820947,WUHUJINWANG1079,0,0,28,12,3,4,2024-01-07,0,0,0
413564850,,0,0,0,0,0,0,2024-01-07,0,2734,511
413877167,,0,0,10,12,3,4,2024-01-07,0,2558,511
223539351,,0,0,453,129,37,37,2024-01-07,0,0,511
413880469,,0,456789,115,15,8,8,2024-01-07,49,2385,511
620280002,,0,0,0,0,0,0,2024-01-07,10,70,511
431023454,7GOUDAISHIMARU,0,0,0,0,0,0,2024-01-06,51,1189,114
42950020,,0,0,0,0,0,0,2024-01-06,15,3290,511
431020018,,0,0,0,0,0,0,2024-01-06,109,1761,511
440047790,,0,0,0,0,0,0,2024-01-05,10,2584,0
412113001,,0,0,0,0,0,0,2024-01-05,26,2714,511
5666281,,0,0,0,0,0,0,2024-01-05,0,3120,511
413569290,,0,0,0,0,0,0,2024-01-05,0,1913,511
413568950,FU GUO,9336282,BPKG6,115,18,7,12,2024-01-05,7,418,321
412353505,,0,0,0,0,0,0,2024-01-05,93,2697,269
21578857,,0,@@@@@@O,511,1,63,0,2024-01-05,25,443,511
440328590,SUM SA RING HO,0,0,0,0,0,0,2024-01-04,146,708,511
412439957,,0,0,6,6,2,1,2024-01-04,18,710,511
538011012,PORT NARA,9965863,V7A6450,171,29,21,11,2024-01-04,110,560,511
413877166,,0,0,5,45,5,5,2024-01-04,51,2313,511
700123477,SUSHEYU01668--06_7.5,0,0,3,5,1,2,2024-01-04,0,0,0
412332898,,0,0,4,3,1,1,2024-01-04,5,3508,511
48410105,,0,0,0,0,0,0,2024-01-03,7,2660,511
413877149,,0,0,7,60,5,6,2024-01-03,63,3065,511
412231096,,0,0,0,0,0,0,2024-01-03,0,1644,511
636023658,MSC BANJUL IV,9253296,A8CI9,189,71,12,20,2024-01-03,150,2009,196
412158433,,0,78993,10,18,4,3,2024-01-03,1,3110,311
413880267,,0,0,10,57,5,6,2024-01-03,62,2968,511
412210097,,0,0,19,18,4,3,2024-01-03,86,2737,511
252118915,,0,@@@@@@O,511,1,63,0,2024-01-02,41,489,511
42950608,,0,0,0,0,0,0,2024-01-02,91,1950,511
413880739,,0,0,100,19,8,8,2024-01-02,47,2057,511
42950003,,0,0,0,0,0,0,2024-01-02,90,1890,511
600935883,,0,1234567,6,7,1,2,2024-01-02,25,1037,511
5666286,,0,0,0,0,0,0,2024-01-02,0,2650,511
799210165,,0,0,0,0,0,0,2024-01-02,0,0,511
60635504,,0,0,96,96,30,30,2024-01-01,12,40,511
412348496,,0,0,5,4,2,2,2024-01-01,66,1111,511
222333000,,0,0,511,222,30,50,2024-01-01,24,842,511
440114840,,0,303,0,0,0,0,2024-01-01,69,21,511
413880126,,0,0,8,41,5,5,2024-12-31,83,2584,511
352003484,,0,3E5144,12,126,15,21,2024-12-31,93,2335,241
412329175,,0,0,5,5,2,2,2024-12-31,4,1021,511
412200939,,0,15102,22,3,3,2,2024-12-31,24,0,0
636023546,AFRICAN RAIL,9690913,5LOF7,154,26,11,19,2024-12-30,130,2130,511
413874265,,0,0,55,12,5,6,2024-12-30,0,2746,511
538010962,MYRTO C,9752383,V7A6375,198,31,11,21,2024-12-30,130,1570,511
416888636,,0,11136,20,10,3,3,2024-12-30,13,2275,148
440132490,,0,513,8,8,2,2,2024-12-29,97,1031,511
96215787,,0,0,0,0,0,0,2024-12-29,4,0,0
352003510,YABUSA,9221243,3E5166,25,75,8,8,2024-12-29,139,1890,511
999910788,ZHEYUYU10788,0,0,40,10,3,6,2024-12-28,98,1712,171
53980040,,0,0,0,0,0,0,2024-12-27,111,2820,511
413880385,,0,0,10,47,5,5,2024-12-27,53,2365,511
415378627,FT-9300-RD-CE-8627,0,0,0,0,0,0,2024-12-27,96,2766,511
223524335,,0,0,0,0,0,0,2024-12-27,18,3316,511
412334179,,0,0,10,2,2,2,2024-12-25,28,2674,511
636023313,MSC NURYA G,9955791,5LNC3,169,37,29,7,2024-12-25,180,1520,511
477163900,CARONI PLAIN,9392327,VREQ2,154,32,24,8,2024-12-25,110,2070,511
412338946,,0,0,5,4,2,1,2024-12-25,24,2893,511
412338972,,0,0,5,5,2,2,2024-12-25,11,2217,511
352003393,SUNNINE 1,9236078,3E7544,145,26,18,9,2024-12-24,110,2130,511
10485917,,0,0,0,0,0,0,2024-12-24,5,90,511
440328810,,0,0,13,8,3,3,2024-12-24,154,2426,242
440705090,,0,0,8,7,2,2,2024-12-24,121,2029,202
563217100,WAN HAI 369,9954486,9V7854,143,60,21,14,2024-12-24,184,2107,214
10485929,,0,0,0,0,0,0,2024-12-24,15,3490,511
440407840,,0,600,0,0,0,0,2024-12-24,136,2094,0
636022688,G.DRAGON,9982495,5LJZ6,136,36,22,6,2024-12-24,320,2239,331
66098001,,0,0,0,0,0,0,2024-12-24,3,302,511
412217603,,0,0,3,4,1,1,2024-12-24,0,2338,511
636023566,POLSTEAM DABIE,9971850,5LOI3,174,26,5,19,2024-12-24,0,0,12
440184690,,0,0,0,0,0,0,2024-12-23,95,2717,0
212356235,,0,0,0,0,0,0,2024-12-23,103,842,511
636023678,MSC MARIE,9962574,5LOW6,116,250,35,16,2024-12-23,180,2230,511
10612105,,0,0,0,0,0,0,2024-12-23,4,90,511
10485903,,0,0,0,0,0,0,2024-12-23,13,90,511
4841016,ZHEDAIYU04841-16AA,0,0,5,5,5,5,2024-12-23,0,0,0
440124930,NO.3 SIN HWA HO,0,320,0,0,0,0,2024-12-23,0,843,511
418028966,,0,0,34,34,9,10,2024-12-23,2,3545,354
477929600,ZIM PEARL,9967990,VRVI8,90,182,13,30,2024-12-23,162,960,93
412334202,,0,0,3,3,2,1,2024-12-22,5,0,511
413879617,,0,0,5,58,6,7,2024-12-22,73,689,12
563218200,LIAN HUA SONG,9608829,9V9242,160,20,12,15,2024-12-20,130,1930,511
413567590,,0,0,0,0,0,0,2024-12-20,0,0,511
412329282,,0,0,7,7,2,2,2024-12-20,80,2873,511
413880162,,0,0,6,62,7,7,2024-12-20,50,2490,511
413880388,,0,8685,5,45,5,5,2024-12-20,34,2637,511
431023084,YUSEIMARU NO.65,0,0,0,0,0,0,2024-12-20,88,2125,511
412213454,,0,0,17,18,3,4,2024-12-20,0,2113,511
352003522,,0,3E5176,103,17,10,10,2024-12-20,106,2125,211
232053197,BERGE MAUNA KEA,9951939,MOTS7,264,35,30,20,2024-12-20,100,2083,214
412549599,,0,0,0,0,0,0,2024-12-18,0,2211,511
223526682,,0,0,0,0,0,0,2024-12-18,4,3155,511
413863779,,0,0,8,55,7,6,2024-12-18,0,3600,511
990239018,,0,0,0,0,0,0,2024-12-17,13,350,511
442845658,,0,39,45,16,4,5,2024-12-17,31,1750,175
677041500,STAR RAIL,9277761,5IM515,219,10,17,15,2024-12-16,124,2174,219
600940284,,0,1234567,10,10,3,3,2024-12-16,39,3405,511
412334218,,0,0,3,3,1,1,2024-12-16,30,1917,511
563212400,KALIMANTAN EXPRESS,9650432,9V8902,188,28,15,22,2024-12-15,128,2294,229
414959597,,0,0,20,9,2,4,2024-12-15,7,42,511
538010538,GOLDEN EMERALD,9884631,V7A6187,253,47,22,28,2024-12-14,110,2126,216
413874779,,0,6699,5,53,6,5,2024-12-14,0,3600,511
636093230,BBC APOLLO,9972488,5LNN8,151,28,18,12,2024-12-14,122,2502,254
413843065,,0,0,8,60,7,7,2024-12-13,69,2423,511
563205900,STOLT AJISAI,9477555,9V8780,98,24,16,5,2024-12-13,134,2048,205
10438755,,0,0,0,0,0,0,2024-12-11,11,60,511
412524462,,0,0,0,0,0,0,2024-12-11,79,90,511
223508864,,0,0,0,0,0,0,2024-12-11,9,2969,511
440601370,SEUNG JIN HO,0,0,0,0,0,0,2024-12-10,43,2571,511
412222922,,0,0,11,11,3,3,2024-12-10,7,1144,511
431020225,EBISUMARU,0,0,0,0,0,0,2024-12-09,34,447,511
66785235,,0,0,0,0,0,0,2024-12-09,14,3290,511
223539334,,0,0,453,129,37,37,2024-12-09,0,0,511
412200404,,0,0,15,22,0,2,2024-12-09,85,969,511
210682235,,0,0,0,0,0,0,2024-12-09,6,90,511
413865625,,0,0,16,30,4,5,2024-12-07,1,481,511
441908189,ZHELUYU08189-4_7.3V,0,0,3,5,1,2,2024-12-07,0,2168,0
636022772,,0,5LKJ6,197,31,9,23,2024-12-06,120,1480,511
412303770,XIN YI 02,0,0,30,10,8,3,2024-12-06,70,711,511
638968000,WARSHIP,0,NCPO,19,38,9,3,2024-12-05,0,1160,511
319992410,,0,0,0,0,0,0,2024-12-04,0,2840,511
42950011,,0,0,0,0,0,0,2024-12-04,1,10,511
42950018,,0,0,0,0,0,0,2024-12-04,3,1480,511
233401621,,0,0,0,0,0,0,2024-12-04,0,0,0
801216191,,0,0,0,0,0,0,2024-12-04,11,3466,511
352003500,SANTA EMBLEY,9985772,3E5157,198,31,23,14,2024-12-04,100,1760,511
768786289,,0,0,0,0,0,0,2024-12-03,30,2650,511
369680980,US GOV VESSEL,0,NPAT---,0,0,0,0,2024-12-03,13,1505,511
440422810,ZHEDAIYU04228 10 77,0,0,0,0,0,0,2024-12-03,46,2720,272
440800383,ROK GOVVESSEL,0,0,0,0,0,0,2024-12-03,2,403,101
413870264,,0,0,9,10,1,2,2024-12-02,0,3128,511
413006563,,0,0,15,10,2,6,2024-12-02,0,3267,511
477929800,XIA MEN ZE AN,9638628,VRVX5,160,19,11,16,2024-12-02,128,2136,216
416003635,SHAN FU YU NO.366,0,BK7955,10,11,3,3,2024-12-02,79,3320,511
413880485,,0,0,10,57,6,5,2024-12-02,0,139,511
431022712,KUNIMARU,0,0,0,0,0,0,2024-12-01,104,3355,511
412213498,,0,0,18,19,3,4,2024-12-01,89,2209,511
440215859,SUGANYU02158 59 77,0,0,0,0,0,0,2024-11-30,200,720,72
23310022,,0,0,0,0,0,0,2024-11-30,6,90,511
600933605,,0,1234567,38,12,4,3,2024-11-29,54,83,511
413880414,,0,0,115,15,8,8,2024-11-28,0,0,511
215052000,VALLE AZZURRA,9391488,9HA4938,150,33,8,24,2024-11-28,137,2290,233
412210085,,0,0,19,18,4,3,2024-11-28,46,1055,511
412217667,,0,0,5,5,2,2,2024-11-28,0,1637,511
412524373,,0,0,0,0,0,0,2024-11-28,96,354,35
538010121,TENDER SOUL,9963516,V7A5640,166,20,9,26,2024-11-27,140,2280,511
538010802,MARIA,9698329,V7A7449,169,30,22,10,2024-11-27,111,2037,198
352003416,KS AIM,9261085,3E7560,124,14,8,14,2024-11-27,59,335,35
413337310,HONG TONG 3,0,0,15,4,1,2,2024-11-27,0,1653,511
413880386,,0,0,5,50,6,5,2024-11-26,48,2352,511
413460311,,0,0,40,10,4,4,2024-11-26,5,3553,511
412353564,,0,0,10,11,3,3,2024-11-26,0,1591,511
413569120,,0,0,6,13,2,3,2024-11-25,79,1502,511
412524257,,0,0,26,26,5,4,2024-11-25,0,0,511
413568390,,0,0,8,3,2,1,2024-11-25,11,2319,511
97950001,,0,0,0,0,0,0,2024-11-24,12,90,511
440167210,,0,0,12,4,2,2,2024-11-23,0,3156,0
412331607,,0,0,7,6,3,2,2024-11-23,24,2414,511
440019180,,0,601,0,0,0,0,2024-11-23,3,3,0
563215800,QI LIN SONG,9416771,9V9230,165,14,13,14,2024-11-23,130,2130,511
440070005,Q  JEGZS C E2  T  M,357916545,GGD,0,0,0,0,2024-11-22,120,830,90
412479273,,0,0,7,7,3,2,2024-11-22,2,0,511
477929200,,0,VRVW8,131,268,44,17,2024-11-21,201,2128,211
352003402,LIBRA -XS,9282742,3E7551,156,34,25,7,2024-11-20,130,2130,511
413572830,,0,0,0,0,0,0,2024-11-20,70,2250,511
416008091,HI WING II,0,0,0,0,0,0,2024-11-20,225,3564,511
563217600,WAN HAI A13,9941142,9V7413,114,221,17,34,2024-11-19,174,2360,236
44130014,SUQIYU04413*014_8.0V,0,0,3,5,1,2,2024-11-18,1,3370,0
44190040,,0,0,0,0,0,0,2024-11-18,13,1370,511
808729395,,0,0,0,0,0,0,2024-11-18,105,3564,356
338638000,STENA IMPERATIVE,9666077,WSIY,163,20,28,4,2024-11-17,100,1850,511
413973688,SUHUAIHUO5622,0,0,5,33,3,4,2024-11-17,37,2321,232
413206460,,0,0,40,13,4,5,2024-11-17,0,764,511
413684720,LU RONG YOU 11,0,0,50,13,5,5,2024-11-17,0,245,37
557963585,BEIDAIHE,0,0,0,0,0,0,2024-11-16,97,1896,511
413879727,,0,0,60,7,5,6,2024-11-16,114,2650,511
412524008,,0,0,22,21,4,4,2024-11-15,0,0,511
440719100,,0,124BELL,0,0,0,0,2024-11-15,86,299,0
413567510,,0,0,0,0,0,0,2024-11-15,30,920,511
412473321,,0,0,6,6,2,1,2024-11-14,0,3416,511
413880286,,0,0,8,44,5,5,2024-11-14,0,743,511
412328851,,0,0,0,0,0,0,2024-11-14,589,102,511
412468118,,0,0,6,6,2,1,2024-11-14,1,3248,511
412462659,,0,0,22,21,4,3,2024-11-14,0,2225,511
412217648,,0,0,3,4,1,2,2024-11-13,67,1112,511
164945525,ZHESHENGYU65801Q B,0,0,10,6,1,2,2024-11-12,66,3585,354
352003493,,0,0,0,0,0,0,2024-11-11,3,2650,275
440012310,BLES,0,0,0,0,0,0,2024-11-11,6,2691,511
413875756,CHINACOASTGUARD 6306,0,0,100,20,2,30,2024-11-11,0,0,511
477929900,,0,VRVX6,163,16,20,7,2024-11-10,138,2109,211
412210098,,0,0,0,0,0,0,2024-11-10,4,1409,511
412331737,,0,0,3,3,1,1,2024-11-09,4,0,511
412331791,,0,0,4,4,2,1,2024-11-09,1,0,511
413876916,YUXINHUO17766,0,0,60,8,5,6,2024-11-09,71,2711,511
412331546,,0,0,3,3,2,1,2024-11-09,1,2361,511
218026640,,0,DPRP,115,285,33,28,2024-11-09,150,2200,511
412331247,,0,0,3,3,1,1,2024-11-09,2,2458,511
412331383,,0,0,3,3,1,1,2024-11-09,43,1483,511
636093246,,0,5LOO7,177,22,22,10,2024-11-08,110,2080,511
412212361,,0,0,6,5,2,2,2024-11-08,1,0,511
440090003,WANGBIAO44009 3 351,0,0,0,0,0,0,2024-11-06,0,543,54
412479083,,0,0,6,6,2,1,2024-11-06,2,1810,511
412332120,,0,0,8,5,2,2,2024-11-06,35,3064,302
538010451,SSI INEVITABLE,9336012,V7A6058,251,38,17,28,2024-11-05,109,1710,170
412225702,,0,C2015,6,7,2,2,2024-11-04,0,1249,511
413561840,,0,0,63,10,7,8,2024-11-04,50,2050,511
412214068,,0,0,5,5,1,2,2024-11-04,2,1830,511
538010876,,0,V7A7546,145,41,21,14,2024-11-03,157,1935,196
412214081,,0,0,4,5,1,2,2024-11-02,10,2719,511
413032204,,0,0,0,0,0,0,2024-10-31,10,3143,511
413573220,,0,BPLR3,0,0,0,0,2024-10-30,30,5110,511
223500032,,0,0,0,0,0,0,2024-10-30,20,3516,351
413560160,,0,BPNT5,76,20,9,7,2024-10-29,107,3452,347
413031216,,0,0,0,0,0,0,2024-10-28,101,3335,511
440511110,GUM GANG 1 HO,0,600,0,0,0,0,2024-10-28,0,3276,511
15923455,,0,0,0,0,0,0,2024-10-28,16,1290,511
888229803,,0,0,0,0,0,0,2024-10-27,8,3420,511
412230011,,0,0,7,6,2,2,2024-10-26,0,0,511
440033050,,0,215,0,0,0,0,2024-10-26,63,3381,511
412338966,,0,0,0,0,0,0,2024-10-25,601,2375,511
223539343,,0,0,453,129,37,37,2024-10-24,35,2646,511
412231148,,0,0,5,5,2,2,2024-10-23,13,2789,511
412229797,,0,0,7,6,3,2,2024-10-23,64,4002,255
273255020,URYUM,9739202,UBTZ3,15,63,11,7,2024-10-23,80,1970,511
413877023,,0,0,90,20,9,7,2024-10-21,1,1929,511
352001467,PVT ELENA,9416795,3E2485,109,20,10,10,2024-10-21,130,1860,511
415275645,,0,0,0,0,0,0,2024-10-21,22,1058,511
10665850,,0,0,0,0,0,0,2024-10-21,1,90,511
10665908,,0,0,0,0,0,0,2024-10-21,17,2370,511
412442629,,0,0,11,11,3,3,2024-10-20,45,732,511
10485908,,0,0,0,0,0,0,2024-10-18,2,60,511
626426000,TOWER BRIDGE,9292034,TRBL9,151,31,19,13,2024-10-18,0,1614,85
808108855,,0,0,0,0,0,0,2024-10-18,8,270,511
524125845,,0,@@@@@@O,511,1,63,0,2024-10-18,51,2965,511
57560021,,0,0,4,4,1,2,2024-10-17,7,80,511
10678259,,0,0,0,0,0,0,2024-10-17,9,90,0
419001879,CHENNAI VALARCHI,9279537,VUAD,195,30,22,10,2024-10-17,21,1830,156
412328939,,0,0,5,5,2,1,2024-10-17,37,3571,357
496899812,,0,0,0,0,0,0,2024-10-14,8,90,511
413876219,,0,0,85,10,8,8,2024-10-13,51,3044,511
10485913,,0,0,0,0,0,0,2024-10-12,84,1690,511
412338904,,0,60998,20,18,3,3,2024-10-12,43,1957,0
100875500,,0,6688,40,10,5,1,2024-10-12,63,808,511
538010977,,0,V7A6399,177,23,21,11,2024-10-11,116,2208,217
416000422,HAE SHINN NO.1,0,0,0,0,0,0,2024-10-11,59,475,511
60561922,,0,0,0,0,0,0,2024-10-11,9,1180,511
412353726,,0,1234567,0,0,0,0,2024-10-11,65,2653,511
413868261,DONGHU2518,0,0,10,47,5,5,2024-10-11,0,10,511
668116241,STAR WISDOM,8357370,S9U12,99,15,10,6,2024-10-09,103,2104,210
412348342,,0,0,6,6,2,2,2024-10-09,0,3992,191
300803310,,0,3008,10,10,5,5,2024-10-08,76,1185,511
626404000,,0,0,0,0,0,0,2024-10-08,1,3523,323
440318340,,0,300,5,7,2,2,2024-10-08,5,1722,511
538010364,XIN HAI,9500950,V7A5943,190,35,11,21,2024-10-08,113,2200,219
413002237,MINXIAYU02237,0,0,16,10,4,2,2024-10-07,75,2979,511
413292810,,0,0,15,21,2,8,2024-10-06,93,2839,28
921890006,,0,0,0,0,0,0,2024-10-06,20,2190,511
352003110,TTC VISHAKA,9576818,3E5995,113,29,8,15,2024-10-06,81,855,79
440169380,,0,305@,0,0,0,0,2024-10-05,67,18,1
440175850,,0,0,6,5,2,1,2024-10-05,42,1831,511
538010896,FRONT MAINE,9898553,V7A6288,281,55,29,31,2024-10-05,90,1950,511
636023769,NAVIG8 EXCEED,9973913,5LPI2,147,36,10,22,2024-10-05,150,2150,511
538010981,SIDER IMABARI,358111649,V7A6374,156,27,10,21,2024-10-03,132,1812,187
600932572,,0,1234567,0,0,0,0,2024-10-02,0,0,511
412230979,,0,0,4,5,1,2,2024-10-01,1,1611,511
413571770,,0,3E6870,120,29,20,3,2024-09-30,0,1990,511
722220050,,0,0,0,0,0,0,2024-09-29,88,1901,511
440508540,,0,0,11,8,3,3,2024-09-28,6,2666,266
413876043,,0,0,8,55,6,6,2024-09-28,0,3600,511
440135270,,0,625,0,0,0,0,2024-09-28,21,3054,0
626398000,,0,TRBI5,141,30,8,23,2024-09-27,0,580,511
440317580,GEUM GANG HO,0,0,0,0,0,0,2024-09-26,87,1233,511
412217642,,0,0,5,6,2,2,2024-09-26,15,1728,511
453555777,,0,0,25,25,3,4,2024-09-25,0,417,511
413513650,WANGYANGTUO918,0,0,20,5,21,7,2024-09-24,102,3045,511
626424000,TEATRALNY BRIDGE,9292058,TRBL7,152,31,13,19,2024-09-24,0,3460,511
63550072,,0,0,0,0,0,0,2024-09-24,17,3090,511
600924646,LULONGYU64212,0,0,16,10,4,2,2024-09-24,0,2960,511
412338706,,0,0,5,5,2,2,2024-09-23,1,21,511
626370000,,0,TRBE9,208,42,23,23,2024-09-23,80,2790,511
412338704,,0,0,5,5,2,2,2024-09-23,0,0,511
413866341,,0,0,0,0,0,0,2024-09-23,313,914,95
440177410,SANG YUN HAE SANG1HO,0,700,0,0,0,0,2024-09-22,0,0,126
412338705,,0,0,5,5,2,2,2024-09-21,0,0,511
412348239,,0,0,8,7,2,2,2024-09-20,5,1762,511
413876351,LUJIAOYU60286,0,0,20,10,3,3,2024-09-20,87,3176,511
440058620,SUNG SIM,0,0,0,0,0,0,2024-09-19,242,3577,511
413876357,,0,0,10,57,5,6,2024-09-19,1,1971,511
412210716,,0,0,10,10,3,3,2024-09-18,0,0,511
412211786,,0,0,0,0,0,0,2024-09-18,3,842,511
563219400,LIGNUM NEXUS,9973078,9V8520,154,29,11,21,2024-09-17,90,2230,511
15060005,,0,0,0,0,0,0,2024-09-16,6,460,511
191022056,,0,0,0,0,0,0,2024-09-15,0,450,511
352003441,BALBOA,9952490,3E5108,198,31,20,12,2024-09-13,119,632,59
636023631,JADE PROSPERITY,9656096,5LOQ8,171,29,9,24,2024-09-13,131,2542,252
412229925,,0,0,7,6,2,2,2024-09-13,10,502,511
431022429,,0,0,0,0,0,0,2024-09-11,86,1801,511
61518704,,0,0,15,15,3,3,2024-09-11,13,90,511
636023145,MSC MAGNUM VII,9252541,5LME7,228,72,20,20,2024-09-11,115,1100,110
412364672,,0,0,0,0,0,0,2024-09-11,514,3489,511
415312212,HONGYUN64537,0,0,16,9,2,3,2024-09-10,81,1403,511
413341580,,0,1234567,16,10,4,2,2024-09-10,85,3272,327
412323779,,0,0,10,9,3,3,2024-09-10,90,3359,511
413827225,,0,0,0,0,0,0,2024-09-10,51,791,511
626375000,NS ASIA,9413561,TRBF6,207,43,16,28,2024-09-09,110,2040,511
626412000,SCF IRTYSH,9397535,TRBK3,146,37,6,26,2024-09-09,0,3039,105
419001853,JAG PARTH,9418638,VTWI,149,34,13,19,2024-09-09,135,2300,228
415230819,LUHAIYUYANG60863,0,0,18,6,3,3,2024-09-09,0,0,0
636023706,YANGZE 33,9617624,5LPA2,160,30,24,8,2024-09-08,100,2120,511
412281891,,0,0,16,15,4,3,2024-09-08,92,2817,511
440019890,,0,668,0,0,0,0,2024-09-07,25,3551,0
810304014,,0,BO12345,0,0,0,0,2024-09-06,6,230,511
626410000,SCF BALTICA,9305568,TRBJ9,208,42,25,19,2024-09-06,110,370,511
518999019,,0,E5U5000,189,38,21,16,2024-09-05,108,1798,181
563112900,,0,0,0,0,0,0,2024-09-04,34,1759,78
626403000,OLYMPIYSKY PROSPECT,9511387,TRBJ2,209,41,26,18,2024-09-04,127,381,41
412410265,,0,0,0,0,0,0,2024-09-04,613,2825,511
405000413,FATEMA JAHAN I,9749738,S2CN2,169,30,24,12,2024-09-02,110,2120,511
413863375,,0,0,4,41,3,6,2024-09-02,40,2654,511
440401040,,0,501,8,7,2,2,2024-08-31,83,3106,310
200220363,DINGYULUZHU6020,0,0,10,10,3,3,2024-08-31,30,1980,511
636023414,CENTURION GORYO,9965540,5LNP6,155,28,21,11,2024-08-30,125,1672,169
413391140,,0,0,34,20,5,5,2024-08-30,0,20,511
412326583,,0,0,6,5,2,1,2024-08-30,3,0,511
412230006,,0,0,7,6,2,2,2024-08-30,10,4026,191
413880511,CHUANG YE 566,0,0,10,48,5,5,2024-08-29,36,2496,511
413880719,,0,0,10,57,5,6,2024-08-29,40,2616,511
413528870,,0,0,45,10,11,11,2024-08-29,48,1335,511
412353473,,0,5655,36,13,3,3,2024-08-28,0,2768,511
412231382,,0,0,3,4,1,2,2024-08-26,35,1862,511
413876149,,0,0,8,55,6,7,2024-08-26,0,0,0
440183340,,0,0,8,7,2,2,2024-08-24,0,1481,148
413341280,TONGYANG667,0,0,20,8,2,3,2024-08-24,0,2025,202
413880041,,0,0,5,45,5,6,2024-08-23,0,2809,511
440090004,WANGBIAO44009 489,0,0,0,0,0,0,2024-08-22,3,2811,281
622121432,,0,6BJY,198,31,21,11,2024-08-22,110,2150,511
412229829,,0,0,7,6,2,2,2024-08-19,41,4052,255
352003377,FAITHFUL STAR,9228320,3E7530,147,27,9,18,2024-08-19,124,669,62
431023426,,0,0,7,7,2,2,2024-08-18,111,3172,511
910239703,,0,0,0,0,0,0,2024-08-12,10,280,511
413877208,,0,0,7,60,6,5,2024-08-12,57,3179,511
413549750,,0,0,30,18,6,6,2024-08-09,97,3588,511
440101090,YU SEONG,0,256YS,9,5,2,1,2024-08-09,116,3280,511
200931931,,0,88996,0,0,0,0,2024-08-09,34,2162,511
477940100,NORTHERN VENTURE,9978779,VRVY2,169,31,21,11,2024-08-08,122,2237,224
412334209,,0,0,3,3,2,1,2024-08-07,0,3222,511
223524338,,0,0,0,0,0,0,2024-08-05,0,3979,191
413880181,,0,0,10,43,6,5,2024-08-04,28,1901,511
223523221,,0,0,0,0,0,0,2024-08-04,7,3581,511
10627817,,0,0,0,0,0,0,2024-08-03,91,1590,511
413542330,XINYUANMINGHE,0,0,11,3,2,1,2024-08-01,112,3444,511
44130010,SUQIYU04413*010_8.3V,0,0,3,5,1,2,2024-08-01,6,2992,0
10485933,,0,0,0,0,0,0,2024-08-01,74,60,0
412524994,,0,0,0,0,0,0,2024-07-28,0,0,511
563191500,PROTEUS INGRID,9923463,9V8634,208,42,15,29,2024-07-27,51,2215,204
440432440,,0,0,0,0,0,0,2024-07-27,0,2675,511
440056030,HANJIN,0,0,0,0,0,0,2024-07-25,0,0,511
599000,P34,9020601,H123,0,0,0,0,2024-07-23,62,25,511
223513970,,0,0,0,0,0,0,2024-07-22,39,144,511
457491000,,0,JVDJ8,52,24,6,6,2024-07-22,61,2242,511
626430000,VERNADSKY PROSPECT,9843560,TRBM5,207,48,20,24,2024-07-22,130,380,511
636023373,ARYA,9667435,5LNJ9,171,29,10,22,2024-07-21,90,2270,511
413010142,,0,0,0,0,0,0,2024-07-21,0,0,12
636023677,TB ANPING,9237084,5LOW5,147,50,18,12,2024-07-17,133,2111,212
223524365,,0,0,0,0,0,0,2024-07-15,74,3973,191
413515790,PENG TENG  818,0,0,23,25,5,5,2024-07-15,113,2867,511
626363000,KOROLEV PROSPECT,9826902,TRBE2,207,48,20,24,2024-07-15,90,460,511
563213800,,0,0,0,0,0,0,2024-07-14,186,1978,200
413880367,,0,0,6,49,6,5,2024-07-14,0,3107,511
10671453,,0,0,0,0,0,0,2024-07-08,19,10,511
412954905,,0,0,0,0,0,0,2024-07-08,86,2219,511
412338707,,0,0,5,5,2,2,2024-07-08,0,0,511
352003464,YONG SHENG YOU 36,9915428,3E5126,108,17,15,2,2024-07-04,0,3918,2
352002990,,0,3E4738,202,27,21,11,2024-07-04,130,1440,511
413880751,GANGSHENG1306,0,0,0,0,0,0,2024-07-04,92,996,511
412229847,QINGDIAO151,0,0,0,0,0,0,2024-06-30,1,3238,511
10665817,,0,0,0,0,0,0,2024-06-30,53,2290,511
413846634,,0,0,0,0,0,0,2024-06-29,35,1440,511
412232618,,0,2618,30,10,4,3,2024-06-28,11,654,511
413572170,,0,0,61,30,8,10,2024-06-27,4,1588,272
412353559,SUBINYU12899,0,0,0,0,0,0,2024-06-27,12,2337,511
413216480,ZHONG HAI YOU 9,0,0,35,19,6,4,2024-06-26,68,2199,219
223524231,,0,0,0,0,0,0,2024-06-26,6,1800,0
412211079,,0,0,6,6,1,2,2024-06-26,0,868,511
412229757,,0,47,0,0,0,0,2024-06-25,5,2978,297
412229986,QINGDIAO312,0,0,0,0,0,0,2024-06-25,92,279,511
413870831,,0,0,12,20,6,5,2024-06-24,46,2565,511
412217625,,0,0,3,4,1,2,2024-06-24,0,1808,511
412211053,,0,5889,6,7,2,2,2024-06-24,0,1933,511
223524271,,0,0,0,0,0,0,2024-06-23,80,1231,511
412208278,,0,0,0,0,0,0,2024-06-23,3,1008,511
677010200,SHUNWANG,858910500,5IM202,50,40,7,7,2024-06-21,0,5110,511
413569320,RUN QING PING AN,9997892,BPNN9,178,10,7,28,2024-06-21,140,2140,511
440301690,,0,237,0,0,0,0,2024-06-20,78,534,511
413879938,,0,0,10,57,5,6,2024-06-19,0,3,511
413536090,,0,0,20,23,5,4,2024-06-17,94,2825,511
413875125,CHINACOASTGUARD13052,0,0,0,0,0,0,2024-06-16,0,1477,511
273259710,,0,0,0,0,0,0,2024-06-16,80,2270,511
415970930,,0,93,6,6,3,3,2024-06-13,14,1934,511
440082580,YOU SEONG,0,D,0,0,0,0,2024-06-11,96,2705,511
413875182,,0,0,7,8,2,3,2024-06-09,79,2833,511
413875154,,0,0,7,8,2,3,2024-06-08,459,1248,511
413874946,,0,0,7,60,4,7,2024-06-08,47,2979,511
701000982,SUNRISE888,1047213,LW4806,35,40,5,6,2024-06-05,70,1920,511
563214300,TORM DANICA,9702194,9V9394,148,35,24,8,2024-06-04,120,730,511
413874616,YUAN XIANG 88,0,0,0,0,0,0,2024-06-03,698,1131,511
412210822,,0,0,16,16,3,3,2024-06-03,0,2611,511
413385460,,0,0@TAISB,7,7,2,2,2024-06-02,141,2913,0
413876093,,0,0,13,55,6,7,2024-05-28,55,2545,511
413861348,,0,0,0,0,0,0,2024-05-26,519,2116,511
352003460,BOW LYNX,9989194,3E5123,128,28,16,9,2024-05-24,132,2132,212
798200613,,0,0,0,0,0,0,2024-05-23,2,342,511
600922979,SHUNHAI189,0,0,8,8,2,2,2024-05-23,0,0,0
416626626,WAN CHIANG,0,QWER,32,33,9,6,2024-05-22,0,0,336
677010100,GREAT WALL 19,1044285,5IM 201,73,11,17,3,2024-05-22,80,1090,511
477211100,MAERSK BAYETE,9355355,VRKZ9,170,53,18,14,2024-05-22,110,310,511
273612390,SVETOGOR,9903229,UBCZ4,3,35,3,5,2024-05-22,0,0,511
256780000,PRESIDENT GRANT,9938339,9HA5971,196,59,15,25,2024-05-22,0,534,79
667002136,IRIGA,0,DUF2208,10,15,3,6,2024-05-20,2,1012,167
518998824,EASTERN PEARL,9285859,E5U4804,210,40,18,26,2024-05-20,100,1950,194
413880408,,0,0,17,40,3,7,2024-05-20,40,3600,511
352003411,JIANG XIA HONG,1045045,3E7556,105,20,15,4,2024-05-20,0,1590,162
538010949,EVONA,9552355,V7A6355,174,23,21,11,2024-05-20,104,2038,205
636021493,BESIKTAS DARDANELLES,9292199,5LEF2,229,45,23,27,2024-05-19,109,2151,216
431022701,UMINCHU,0,0,0,0,0,0,2024-05-15,6,1967,511
255805582,OCCITAN KEY,9302475,CQTB,136,30,12,15,2024-05-13,5,1530,253
413567540,,0,0,0,0,0,0,2024-05-13,158,2953,293
477922600,DHT AMAZON,9528794,VRVV5,276,57,26,34,2024-05-11,126,2387,238
796023048,YU JI YANG FU 003,0,0,0,0,0,0,2024-05-10,1,0,511
796023114,YU JI YANG FU 002,0,0,0,0,0,0,2024-05-10,1,864,511
223500008,,0,0,0,0,0,0,2024-05-10,1,0,511
431022647,DAITOUMARU,0,0,0,0,0,0,2024-05-09,123,1193,511
413880853,ZHETONGXIANGCAO00606,0,0,10,40,5,5,2024-05-09,53,2869,511
413880361,YUZHOUXINGLONG6999,0,0,10,44,5,5,2024-05-08,40,3028,511
414829573,PA1,903555100,3FAE5,77,19,3,15,2024-05-03,86,557,511
508036124,SUQIYU03612-4,0,0,3,5,1,2,2024-05-03,0,0,0
413880038,LUJININGHUO8626,0,0,5,45,6,5,2024-05-01,39,3600,511
413050802,,0,0,0,0,0,0,2024-04-30,98,2875,511
63110011,ZHE DAI YU 06311-11,0,0,0,0,0,0,2024-04-29,4,2930,511
223540361,,0,0,0,0,0,0,2024-04-28,0,0,511
563220200,MAERSK EL PALOMAR,9964481,9V9370,113,222,38,13,2024-04-27,180,2220,511
412367244,SUDONGTAIYU15858,0,0,0,0,0,0,2024-04-27,60,2757,511
563052400,MAERSK MONTE LASCAR,9348077,9V8405,213,59,16,24,2024-04-25,212,1822,181
666666261,XIANGYUGONG261,0,0,0,0,0,0,2024-04-24,1,3492,349
223527157,,0,0,0,0,0,0,2024-04-24,0,0,511
565255511,SUGANYUYUN05168,0,0,20,15,3,3,2024-04-24,127,895,511
431020339,NO 5 FUKUSINMARU,0,0,0,0,0,0,2024-04-22,23,2108,511
441721931,XYY21931 44 8 0V,0,0,0,0,0,0,2024-04-20,73,1414,0
636022072,UZE,9323338,5LHB3,171,24,23,9,2024-04-19,1,3062,67
223540366,,0,0,0,0,0,0,2024-04-19,30,629,511
921890010,,0,0,0,0,0,0,2024-04-18,11,1980,511
325768943,SHUNFENG88,0,0,130,30,8,8,2024-04-18,96,3453,345
440146850,BENISEU,0,0,0,0,0,0,2024-04-16,196,431,0
413228888,,0,0,200,100,35,35,2024-04-16,30,2795,279
780347920,SUQIYU03479-20_7.7V,0,0,3,5,1,2,2024-04-15,0,0,0
571220000,,0,0,0,0,0,0,2024-04-15,0,2271,511
413571290,HANG SHUN 169,0,0,42,8,8,4,2024-04-14,100,2070,511
413875823,,0,0,0,0,0,0,2024-04-13,260,479,511
413299370,FENGDIANYUNWEI7,0,0,0,0,0,0,2024-04-11,1,109,10
440469577,ZHEDAIYU04695 6A 96,0,0,0,0,0,0,2024-04-09,0,2640,264
369096000,MAERSK SARATOGA,9289207,KSFF,179,16,16,16,2024-04-09,0,650,511
538010463,STI MAGNETIC,9829485,V7A6077,148,35,10,22,2024-04-09,100,2250,511
413573760,YUE HANG 307,0,0,8,72,8,10,2024-04-09,69,1581,0
626381000,NS CLIPPER,9341081,TRBG4,202,42,21,21,2024-04-08,120,2100,511
626389000,NS CORONA,9341079,TRBH4,205,38,28,14,2024-04-08,130,2020,511
150200330,,0,0,0,0,0,0,2024-04-07,1,1425,511
440176280,HAN SUNG HO,0,342,0,0,0,0,2024-04-07,5,1092,0
440136905,SUQIYU01369 B5 99,0,0,0,0,0,0,2024-04-06,1,2360,236
440136906,SUQIYU01369 B6 99,0,0,0,0,0,0,2024-04-06,0,0,0
440342888,SUQIYU03428 88 99,0,0,0,0,0,0,2024-04-06,0,2420,242
440810002,ZHEDAIYU04408 02 99,0,0,0,0,0,0,2024-04-06,0,2090,209
440810001,ZHEDAIYU04408 01 99,0,0,0,0,0,0,2024-04-05,0,1770,177
72280009,ZHEDAIYU07228-09,0,0,3,5,1,2,2024-04-04,0,0,0
626393000,NS LION,9339313,TRBH8,208,41,15,29,2024-04-04,0,2400,511
72280014,ZHEDAIYU07228-14,0,0,0,0,0,0,2024-04-04,8,1050,511
442667780,TEST77,0,0,0,0,0,0,2024-04-03,160,30,511
626372000,NS ANTARCTIC,9413559,TRBF3,207,43,15,29,2024-04-03,1,606,151
778801366,ZHEXIANGYU01366,0,0,0,0,0,0,2024-04-02,65,3402,511
538010798,BEKS EAGLE,9336024,V7A7444,251,38,17,28,2024-04-02,1,570,263
440215875,SUGANYU02158 75 84,0,0,0,0,0,0,2024-04-01,49,3030,303
667001277,MN KOSTAS,9103489,9LU2080,88,18,11,4,2024-04-01,80,1830,511
440400360,JEONG SEON HO,0,0,0,0,0,0,2024-03-31,22,1257,0
477895700,GERDA MAERSK,9359052,VRVO2,265,102,21,21,2024-03-31,150,2230,511
440092690,UNAVAILABLE,0,0,0,0,0,0,2024-03-31,12,1218,0
440509110,UNAVAILABLE,0,621,0,0,0,0,2024-03-31,1,1,0
215736000,M/T MADEIRO,9418913,9HSM9,124,26,9,15,2024-03-30,110,2220,511
42710040,,0,0,0,0,0,0,2024-03-27,8,10,511
563220500,NORTH WIND,9953535,9V8648,231,62,24,22,2024-03-27,140,2070,511
210495000,IWS WINDWALKER,9958638,5BBL6,36,55,11,9,2024-03-26,20,2900,511
796017083,YUGANYANGFU011,0,0,0,0,0,0,2024-03-25,2,0,511
796023060,YU JI YANG FU 005,0,0,0,0,0,0,2024-03-25,0,2270,511
413867009,HU HAI 16,0,0,0,0,0,0,2024-03-25,1,0,1
63110012,ZHE DAI YU 06311-12,0,0,0,0,0,0,2024-03-25,4,1450,511
563219300,MAERSK KEELUNG,9966128,9V8604,173,13,26,10,2024-03-25,150,2240,511
900268571,MINLIANYU68571,0,0,0,0,0,0,2024-03-25,98,2224,511
636023314,MSC YUXIN,9966946,5LNC4,131,41,20,8,2024-03-25,180,2090,511
412229922,QING DIAO 236,0,0,0,0,0,0,2024-03-24,11,2137,511
668116236,DHARMA,9454149,S9U7,72,16,7,6,2024-03-24,54,1941,213
412230042,QINGDIAOXIE021,0,0,0,0,0,0,2024-03-24,71,3507,511
412221251,LIAODANYU21875,0,0,0,0,0,0,2024-03-23,0,0,511
414926000,XIANG YU 092,9978597,BPMA9,177,22,23,9,2024-03-22,138,3427,340
413331890,ZHONGXIN HAIYOU HAO,0,0,0,0,0,0,2024-03-22,1,0,0
412472689,MINFUDINGYU09735,0,0,0,0,0,0,2024-03-22,90,2657,264
412211656,DANYUBU4097,0,0,0,0,0,0,2024-03-22,0,0,511
255804760,BG BLUE,9964625,CQSH,158,12,3,25,2024-03-22,137,2130,212
900004396,SUQIYU04396,0,1666,20,25,3,3,2024-03-22,0,0,0
412231338,LUQINGXINYUYANG62088,0,0,0,0,0,0,2024-03-21,1,1210,511
108005346,YUWANGPAI-1,0,0,0,0,0,0,2024-03-21,9,2795,511
440229852,SUQIYU02298 52 99,0,0,0,0,0,0,2024-03-20,0,2860,286
563219700,MAERSK SEQUOIA,9943097,9V7297,180,20,10,26,2024-03-20,160,673,64
415653206,2ADMJG,0,0,0,0,0,0,2024-03-20,101,605,511
312994000,JB7,9036612,V3QQ2,28,27,6,3,2024-03-20,0,1050,75
223540390,,0,0,0,0,0,0,2024-03-20,0,0,511
412229773,QINGDIAO065,0,0,0,0,0,0,2024-03-20,38,2592,511
412229767,QINGDIAO060,0,0,0,0,0,0,2024-03-20,59,3402,511
998545018,ZHEXIANGYU01315,0,0,0,0,0,0,2024-03-19,63,1921,511
796017056,,0,0,0,0,0,0,2024-03-19,0,0,511
412230933,LUQINGXINYU62257,0,0,0,0,0,0,2024-03-18,1,1243,511
563203100,M.T  SANMAR SANGEET,9279757,9V9086,207,33,27,15,2024-03-18,125,2223,221
636023576,MINERAL FRANCE,9950272,5LOJ5,258,42,29,21,2024-03-18,0,2225,40
538010359,JESSIE GLORY,9952983,V7A5938,147,36,10,22,2024-03-18,120,1420,511
33613063,,0,0,0,0,0,0,2024-03-17,73,2940,511
26635519,,0,0,0,0,0,0,2024-03-17,62,3220,511
60635505,,0,0,96,96,30,30,2024-03-17,73,3290,511
60635501,,0,0,96,96,30,30,2024-03-17,108,2960,511
60635502,,0,0,96,96,30,30,2024-03-17,62,3490,511
63550802,,0,0,0,0,0,0,2024-03-17,75,2940,511
538010957,BIRGIT,9965655,V7A6367,153,30,10,21,2024-03-17,100,2230,511
563219800,MAERSK FLORENCE,9969053,9V8566,194,61,26,14,2024-03-16,141,2115,211
412229969,QINGDIAO292,0,0,0,0,0,0,2024-03-16,176,3030,511
63110013,ZHE DAI YU 06311-13,0,0,0,0,0,0,2024-03-16,9,3140,511
440220642,SUGANYU02206 42 92,0,0,0,0,0,0,2024-03-15,4,1610,161
538010925,GOLDEN ERLING,9955571,V7A6326,195,32,14,22,2024-03-15,130,1630,511
796008017,YUGANYANGFU017,0,0,0,0,0,0,2024-03-15,1,0,511
796008059,YUGANYANGFU059,0,0,0,0,0,0,2024-03-15,1,422,511
796008026,YUGANYANGFU026,0,0,0,0,0,0,2024-03-15,1,0,511
796017074,,0,0,0,0,0,0,2024-03-15,0,0,511
563198400,,0,0,0,0,0,0,2024-03-15,0,1632,1
796017078,,0,0,0,0,0,0,2024-03-15,20,1345,511
796017088,,0,0,0,0,0,0,2024-03-15,0,0,511
796017072,,0,0,0,0,0,0,2024-03-15,0,0,511
626427000,TRANSSIB BRIDGE,9382798,TRBM2,151,32,18,14,2024-03-14,123,648,61
72280021,ZHEDAIYU07228-21,0,0,0,0,0,0,2024-03-14,4,970,511
796023046,YU JI YANG FU 001,0,0,0,0,0,0,2024-03-14,37,3457,511
810627762,,0,0,0,0,0,0,2024-03-14,8,90,511
796017073,,0,0,0,0,0,0,2024-03-14,29,3444,511
353737123,EVER LINE,9405509,0,80,15,8,8,2024-03-14,110,5110,511
796008068,YUGANYANGFU068,0,0,0,0,0,0,2024-03-14,5,0,511
412447507,MINLONGYU64986,0,0,0,0,0,0,2024-03-13,85,2328,511
440369488,SUQIYU03694   88,0,0,0,0,0,0,2024-03-13,6,60,0
796017090,,0,0,0,0,0,0,2024-03-13,37,156,511
626391000,NS LAGUNA,9339325,TRBH6,209,40,6,38,2024-03-12,120,2050,511
796008063,YUGANYANGFU063,0,0,0,0,0,0,2024-03-12,117,1352,511
796017069,,0,0,0,0,0,0,2024-03-12,7,1685,511
667002004,A.T.TAN TUGBOAT_III,7405302,9LU2807,15,5,2,2,2024-03-12,45,1983,311
636000021,,0,0,0,0,0,0,2024-03-12,0,0,511
796008008,YUGANYANGFU008,0,0,0,0,0,0,2024-03-12,2,0,511
796008018,YUGANYANGFU018,0,0,0,0,0,0,2024-03-11,2,0,511
677086000,NEPTUNE STAR 25,9136553,5IM960,125,35,13,13,2024-03-11,93,2028,199
796008066,YUGANYANGFU066,0,0,0,0,0,0,2024-03-10,1,0,511
796008011,YUGANYANGFU011,0,0,0,0,0,0,2024-03-09,0,0,511
812226020,NET20-ZDY12226,0,0,0,0,0,0,2024-03-09,9,3230,511
413875143,CHINACOASTGUARD13016,0,0,0,0,0,0,2024-03-09,150,166,0
256654000,SANTA VENERA,9977971,9HA5923,158,22,22,10,2024-03-09,120,1820,511
412229887,QINGDIAO197,0,0,0,0,0,0,2024-03-09,119,3095,511
412230021,QINGDIAO372,0,0,0,0,0,0,2024-03-09,50,3232,511
413571870,FAITH GLORY,1023700,3E5119,101,19,15,6,2024-03-08,110,1640,511
412229756,QINGDIAO046,0,0,0,0,0,0,2024-03-08,14,2525,511
412229736,,0,0,0,0,0,0,2024-03-08,233,3102,511
412230009,QINGDIAO352,0,0,0,0,0,0,2024-03-08,2,726,511
10674310,,0,0,0,0,0,0,2024-03-07,10,90,511
910222201,,0,0,0,0,0,0,2024-03-07,3,990,99
111222336,AAABBBCCC         5,0,0,0,0,0,0,2024-03-07,5,2824,511
562662888,ZHE CANG YU 62888,0,0,0,0,0,0,2024-03-07,6,3409,340
600931918,MINJINYU05618,0,0,0,0,0,0,2024-03-07,99,1334,511
667853188,DIAOYU66181,0,0,0,0,0,0,2024-03-06,67,2001,511
111222332,AAABBBCCC         6,0,0,1,1,1,1,2024-03-06,55,1176,511
108005348,YUWANGPAI-3,0,0,0,0,0,0,2024-03-06,12,77,511
796017085,,0,0,0,0,0,0,2024-03-05,2,0,511
412133353,,0,0,0,0,0,0,2024-03-05,4,0,511
256745000,CMA CGM IMAGINATION,9948231,9HA5955,197,75,28,15,2024-03-05,181,882,91
413875157,,0,0,0,0,0,0,2024-03-04,47,467,511
666009999,PINGAN168,0,0,0,0,0,0,2024-03-04,86,939,0
352001113,VIVA GLORY,9219446,3E3395,160,30,16,15,2024-03-02,120,2030,511
352003104,SEJAHTERA 2,8595972,3E5990,79,30,14,14,2024-03-02,1,93,150
796008019,YUGANYANGFU019,0,0,0,0,0,0,2024-03-02,3,3458,511
538010393,KIBO,9719331,V7A5985,154,28,11,19,2024-03-02,130,2180,511
636023470,EMERALD DAISHAN,9981295,5LNW4,196,33,24,12,2024-03-01,128,1533,157
412230934,LUQINGXINYU62258,0,0,0,0,0,0,2024-02-29,78,2890,511
412364804,SUDONGTAIYU15789,0,0,0,0,0,0,2024-02-29,84,2666,511
477922505,HZ1835,9989998,VRVRV,0,0,0,0,2024-02-28,0,1828,273
415378619,,0,0,0,0,0,0,2024-02-28,0,1378,511
412229715,,0,0,0,0,0,0,2024-02-28,227,1364,511
413541830,FAN DU LI REN,0,0,5,11,2,2,2024-02-27,25,413,511
412229785,QINGDIAO082,0,0,0,0,0,0,2024-02-27,1,0,511
636023704,HAIYANGGONGCHENG 21,9750763,5LOZ8,14,64,12,6,2024-02-23,100,1000,511
352003160,EVA LINDEN,9972646,3E6036,177,22,22,10,2024-02-23,122,842,86
636023235,SCIO SPIRIT,9502738,5LMR8,154,26,8,20,2024-02-22,100,2070,511
44130001,,0,0,0,0,0,0,2024-02-21,10,1105,0
412229995,,0,0,0,0,0,0,2024-02-21,2,3154,0
10622256,,0,0,0,0,0,0,2024-02-21,4,50,0
994160967,,0,0,0,0,0,0,2024-02-21,65,2650,511
412229488,,0,0,0,0,0,0,2024-02-21,3,3414,0
412229883,,0,0,4,3,2,1,2024-02-21,2,0,0
412230789,LUQINGXINYU62081,0,0,0,0,0,0,2024-02-21,2,2223,0
960436908,,0,0,0,0,0,0,2024-02-21,1,3060,306
412230698,LUQINGXINYU61209,0,0,0,0,0,0,2024-02-21,1,2147,0
910436922,,0,0,0,0,0,0,2024-02-21,1,50,0
994160966,,0,0,0,0,0,0,2024-02-21,4,1840,511
412467063,,0,0,0,0,0,0,2024-02-21,0,0,0
412230045,QINGDIAOXIE027,0,0,0,0,0,0,2024-02-21,1,2335,0
96131902,,0,0,0,0,0,0,2024-02-21,0,880,88
900031685,,0,0,0,0,0,0,2024-02-21,21,345,0
44130068,,0,0,0,0,0,0,2024-02-21,14,629,0
96215788,,0,0,0,0,0,0,2024-02-21,0,2310,231
660144210,,0,0,0,0,0,0,2024-02-21,9,80,0
412231132,,0,0,0,0,0,0,2024-02-21,0,1419,0
96150109,,0,0,0,0,0,0,2024-02-21,0,2050,205
412231867,,0,0,0,0,0,0,2024-02-21,1,25,0
412229854,,0,0,0,0,0,0,2024-02-21,5,1424,0
412347886,,0,0,0,0,0,0,2024-02-21,2,0,0
412229783,,0,0,0,0,0,0,2024-02-21,3,413,0
412229804,,0,0,0,0,0,0,2024-02-21,1,26,0
660144211,,0,0,0,0,0,0,2024-02-21,5,90,0
44780044,SUQIYU04478*044_7.8V,0,0,3,5,1,2,2024-02-21,5,3105,0
960436918,,0,0,0,0,0,0,2024-02-21,0,1800,180
131820010,,0,0,0,0,0,0,2024-02-21,0,0,0
100150115,,0,0,0,0,0,0,2024-02-21,8,1052,0
412229744,,0,0,0,0,0,0,2024-02-21,3,3162,0
878698787,,0,0,0,0,0,0,2024-02-20,7,3040,511
994160968,,0,0,0,0,0,0,2024-02-20,0,50,511
660144209,,0,0,0,0,0,0,2024-02-20,1,90,0
72280015,ZHEDAIYU07228-15,0,0,0,0,0,0,2024-02-20,10,410,511
900204230,,0,0,0,0,0,0,2024-02-20,75,1584,511
563218500,ALICE,9834375,9V9531,199,25,22,10,2024-02-19,100,2050,511
477103310,,0,0,0,0,0,0,2024-02-19,0,0,252
321786897,YOTGAN9696,0,0,0,0,0,0,2024-02-19,0,2879,511
223540396,,0,0,0,0,0,0,2024-02-18,6,152,511
229677000,JASMINA D.,9611292,9HA5557,148,32,9,21,2024-02-18,100,2310,511
662806117,ZXY28061-17,0,0,0,0,0,0,2024-02-18,84,2560,511
552135742,,0,0,0,0,0,0,2024-02-17,112,2392,241
511101305,CLEVER,9362384,T8A4617,78,20,8,8,2024-02-16,99,2172,235
26579092,,0,0,0,0,0,0,2024-02-15,13,2720,511
878400911,,0,0,0,0,0,0,2024-02-15,4,80,511
636022095,ROSTRUM SCEPTIC,9955923,5LHD8,196,33,22,10,2024-02-14,110,2280,511
563082690,SHENG HUA 02,1014498,9V8957,73,18,14,4,2024-02-11,80,1950,511
413875136,CHINACOASTGUARD13003,0,0,0,0,0,0,2024-02-11,297,1699,511
352002952,NEOMI,9250543,3E4707,201,43,26,16,2024-02-11,127,2030,202
352003462,JB9,9267041,HOA3125,0,0,0,0,2024-02-11,0,3424,4
72280022,ZHEDAIYU07228-22,0,0,0,0,0,0,2024-02-11,0,1020,511
150200379,,0,0,0,0,0,0,2024-02-10,602,184,511
255915658,OLIVIA L,9957402,CQ2116,107,13,3,13,2024-02-10,90,2150,511
256688000,BULGARIA,9968475,9HA5936,164,26,23,9,2024-02-09,110,670,511
636023555,,0,0,0,0,0,0,2024-02-09,70,2000,511
613525109,DIAKO,9128960,TJMOM5,40,16,5,5,2024-02-09,100,2246,224
352003266,DOLPHIN 76,9221621,3E7437,203,22,14,18,2024-02-08,114,1830,177
352003334,CELESTE I,9250488,3E7491,129,54,8,24,2024-02-08,140,2130,511
636023676,BAGSHOT,9938987,5LOW4,29,116,4,19,2024-02-08,110,2050,511
413120702,,0,0,0,0,0,0,2024-02-07,109,2773,511
457900728,DREAM 1,8967187,JVMB8,0,0,0,0,2024-02-07,76,2205,121
412873824,,0,0,0,0,0,0,2024-02-07,70,2610,511
636022832,PHILIPPOS,9839820,D5YM9,171,28,16,16,2024-02-06,104,2066,205
563215500,ZEVIROUS,9995662,9V8799,62,10,9,3,2024-02-06,100,2110,511
563215600,ZALE,9995674,9V8801,60,12,3,9,2024-02-06,100,2170,511
314779000,MARCELLIN A DESGAGNE,9571387,8PQO8,124,19,14,9,2024-02-06,137,2391,230
796000005,YUQINGYANGFU005,0,0,0,0,0,0,2024-02-06,0,2718,511
352003403,FM PROSPERITY,9525417,3E7552,108,14,11,9,2024-02-06,109,894,94
350321551,,0,0,0,0,0,0,2024-02-05,0,5110,511
223540423,,0,0,0,0,0,0,2024-02-04,3,26,511
533132896,TSEVEN SHIRLEY,8751447,9M3115,20,40,31,19,2024-02-04,0,1010,511
226813336,,0,0,0,0,0,0,2024-02-04,64,2733,511
636017520,GARDINER,9275048,A8DG9,16,194,15,15,2024-02-03,193,2203,218
413571540,SHENG ZE 899,0,0,64,9,5,10,2024-02-03,110,1970,511
577151000,HERMES,9622394,YJQM7,95,16,12,4,2024-02-03,90,2210,511
636023612,CYPRES,9907445,5LON9,224,50,21,27,2024-02-03,101,1792,182
311001179,,0,0,0,0,0,0,2024-02-03,130,2250,511
457900726,LING XING 2,1048607,JVLZ8,85,7,15,3,2024-02-03,80,2080,511
636023712,YI MING 8,9427665,5LPB2,12,56,13,3,2024-02-02,60,2140,511
255915625,HELGOLAND,9973250,CQ2083,89,10,12,4,2024-02-02,100,2210,511
412476403,ZHONGCHUANG73,0,0,20,29,3,4,2024-02-02,17,1112,511
416251456,MINFUDINGYUYUN06858,0,0,0,0,0,0,2024-02-02,118,2123,511
10682784,,0,0,0,0,0,0,2024-02-02,0,60,511
71907008,ZHE DAI YU 71907-08,0,0,0,0,0,0,2024-02-02,2,3240,0
613981812,SAMSTAR,0,0,0,0,0,0,2024-02-02,107,2268,230
223511494,,0,0,0,0,0,0,2024-02-02,96,2360,511
442667783,,0,0,0,0,0,0,2024-02-02,1023,3600,511
187905013,SUDONGTAIYU10198-1,0,0,0,0,0,0,2024-02-02,77,2740,511
370211000,GULF HUWAYLAT,9359870,3ERY5,149,34,7,25,2024-02-01,142,2110,214
412480326,QIONGLINYU01618,0,0,0,0,0,0,2024-02-01,99,2128,511
413572380,CHEN   QIAN    TUO18,0,0,14,25,5,6,2024-02-01,100,2230,511
677086600,RSD 1,104057600,5IM 966,55,20,9,7,2024-02-01,80,2150,511
677086500,RSD 2,104058800,5IM 965,55,20,8,8,2024-02-01,80,2130,511
900400677,,0,0,0,0,0,0,2024-02-01,123,1664,511
60786613,,0,0,0,0,0,0,2024-02-01,39,1350,511
81905076,SUQIYU19050-10,0,0,0,0,0,0,2024-02-01,14,1420,511
457900727,LING XING 5,1048396,JVMA8,62,30,9,9,2024-02-01,80,1910,511
413567870,XIN DA YANG 65,9959541,BPKU8,12,136,17,9,2024-01-31,117,3092,310
413843755,,0,0,0,0,0,0,2024-01-31,0,1701,511
419000242,JAG RISHI,9456343,AVKC,161,29,16,16,2024-01-31,110,2270,225
245456875,,0,0,0,0,0,0,2024-01-31,82,2416,511
413572360,TOP MARINE,9995351,5LMG9,158,22,25,7,2024-01-31,101,2952,297
412481143,Q,897898896,XIPU,0,0,0,0,2024-01-31,101,2141,214
233209904,YUENANAOYU32099-4,0,0,5,5,5,5,2024-01-31,0,0,0
200568068,WMO,0,0,0,0,0,0,2024-01-31,82,1239,511
845654878,,0,0,0,0,0,0,2024-01-31,75,2205,511
68220001,,0,0,0,0,0,0,2024-01-31,105,2390,511
412445013,,0,0,0,0,0,0,2024-01-31,597,3552,511
538001519,,0,0,0,0,0,0,2024-01-30,148,2806,280
419001626,MV AMARNATH,9310666,VTKF,162,27,25,7,2024-01-30,0,3600,290
12648001,,0,0,0,0,0,0,2024-01-30,3,2960,511
796017071,,0,0,0,0,0,0,2024-01-30,7,0,511
413566140,,0,0,0,0,0,0,2024-01-30,148,1810,511
796017091,,0,0,0,0,0,0,2024-01-30,32,1447,511
267070344,,0,0,0,0,0,0,2024-01-30,0,1675,255
413301430,RINA SEA,9996848,6YWG7,79,20,4,13,2024-01-30,0,106,511
10674323,,0,0,0,0,0,0,2024-01-30,62,860,511
273312689,,0,0,0,0,0,0,2024-01-30,9,2911,298
44820017,SUQIYU04482*017_7.7V,0,0,3,5,1,2,2024-01-30,0,0,0
371567680,,0,0,0,0,0,0,2024-01-30,111,1935,65
413841668,,0,0,0,0,0,0,2024-01-30,0,3600,511
563186400,HAFNIA AZURITE,9727560,9V8432,150,34,22,5,2024-01-29,110,1940,511
636023705,GUO HAI MIN SHENG,9702780,5LOZ9,21,63,8,10,2024-01-29,130,2093,208
14410012,,0,0,0,0,0,0,2024-01-29,0,90,511
810665638,,0,0,0,0,0,0,2024-01-29,6,70,511
677091233,,0,0,0,0,0,0,2024-01-29,90,5110,511
413571740,KE HAI ER HAO,0,0,0,0,0,0,2024-01-29,61,708,511
461223522,,0,0,0,0,0,0,2024-01-29,171,2317,232
533132842,,0,0,0,0,0,0,2024-01-29,92,1963,511
10680197,,0,0,0,0,0,0,2024-01-29,97,590,511
413540710,ZHE JIAO GONG TUO 1,0,0,16,22,8,3,2024-01-29,120,2290,511
413871601,,0,0,0,0,0,0,2024-01-29,1,1427,0
10680200,,0,0,0,0,0,0,2024-01-29,97,590,511
481205985,,0,0,0,0,0,0,2024-01-29,109,330,39
159961639,,0,0,0,0,0,0,2024-01-29,0,3590,511
797602909,,0,0,0,0,0,0,2024-01-28,1,2037,511
669521000,BUKHTA NAGAEVA,8313879,3DAU1,71,24,13,2,2024-01-28,121,2200,223
232191641,,0,0,0,0,0,0,2024-01-28,77,795,511
229678462,,0,0,0,0,0,0,2024-01-27,65,3479,22
412525079,RIONGLINYU80008,0,0,0,0,0,0,2024-01-27,93,2028,511
413875341,CHINACOASTGUARD3502,9776511,BPRP2,50,79,8,8,2024-01-27,100,2110,511
414932000,PACIFIC CHERRY,9967146,BPLO6,177,23,21,11,2024-01-27,3,1861,201
511101324,,0,0,0,0,0,0,2024-01-27,90,2200,511
907455680,,0,0,0,0,0,0,2024-01-27,149,3520,352
833668053,,0,0,0,0,0,0,2024-01-27,267,1512,217
412301972,,0,0,0,0,0,0,2024-01-27,89,3126,312
311189136,,0,0,0,0,0,0,2024-01-26,66,888,321
431508736,,0,0,0,0,0,0,2024-01-26,178,243,160
626433000,,0,0,0,0,0,0,2024-01-26,170,1870,511
367606390,,0,0,0,0,0,0,2024-01-26,1,2693,288
457900719,BELLONE,9108245,JVKU8,40,65,6,6,2024-01-26,96,2247,511
626282000,THESEUS,9304825,TRAT6,202,41,14,28,2024-01-26,100,1950,511
197200924,,0,0,0,0,0,0,2024-01-26,0,3840,63
413132330,SHUN XIN 17,0,0,110,20,12,12,2024-01-26,45,349,511
636101010,,0,0,0,0,0,0,2024-01-26,0,1705,511
226813392,,0,0,0,0,0,0,2024-01-26,117,760,511
210681331,,0,0,0,0,0,0,2024-01-26,122,852,511
366963470,,0,0,0,0,0,0,2024-01-26,40,3066,275
967838925,,0,0,0,0,0,0,2024-01-26,109,1678,321
669116241,,0,0,0,0,0,0,2024-01-26,10,870,511
412331690,,0,0,0,0,0,0,2024-01-26,61,3201,511
210324000,STENA PROGRESSIVE,9944649,5BWQ5,186,0,16,16,2024-01-25,135,2050,207
229694304,,0,0,0,0,0,0,2024-01-25,65,2189,511
352003046,YOUXIA,9237797,3E6595,279,54,30,30,2024-01-25,0,1949,352
563199100,ARMADA 78 07,9924302,9V8704,29,49,7,8,2024-01-25,114,1130,110
413394350,TAOYUN606,0,0,0,0,0,0,2024-01-25,85,1084,511
223540383,,0,0,0,0,0,0,2024-01-25,0,2484,511
412301911,,0,0,0,0,0,0,2024-01-25,1,1738,260
533123381,LIN12338--1,0,0,0,0,0,0,2024-01-25,97,990,511
536096100,PACIFIC STAR,9363481,9V6541,145,29,14,14,2024-01-25,68,2460,247
440997984,,0,0,0,0,0,0,2024-01-25,0,2680,511
868889898,,0,0,0,0,0,0,2024-01-25,63,260,511
412229727,,0,0,0,0,0,0,2024-01-25,85,1280,511
10438618,,0,0,0,0,0,0,2024-01-25,85,1190,511
373870000,,0,0,0,0,0,0,2024-01-25,0,3741,511
256652000,CMA CGM SAHEL,9938328,9HA5921,196,59,15,25,2024-01-25,0,2910,511
482182642,,0,0,0,0,0,0,2024-01-25,37,451,342
833667383,,0,0,0,0,0,0,2024-01-25,430,2230,511
445980000,,0,0,0,0,0,0,2024-01-25,69,1249,511
1064179840,,0,0,0,0,0,0,2024-01-25,202,192,179
416009667,,0,0,0,0,0,0,2024-01-25,128,2280,511
429990827,,0,0,0,0,0,0,2024-01-24,116,894,77
412524018,,0,0,0,0,0,0,2024-01-24,75,1255,511
542701110,MERATUS CILEGON,1028009,E6AO3,10,100,13,6,2024-01-24,120,2160,511
477940400,CL SHAOYANG,9953341,VRVZ3,168,31,22,10,2024-01-24,110,680,511
26317804,,0,0,0,0,0,0,2024-01-24,114,1058,104
330623827,YU 06238-27,0,0,0,0,0,0,2024-01-24,11,1680,511
412933603,,0,0,0,0,0,0,2024-01-24,1,2230,511
440896652,UNAVAILABLE,0,999111,0,0,0,0,2024-01-24,82,688,0
10668116,,0,0,0,0,0,0,2024-01-24,1,60,511
565312008,,0,0,0,0,0,0,2024-01-24,127,1461,153
276342152,,0,0,0,0,0,0,2024-01-24,274,1064,223
428978745,,0,0,0,0,0,0,2024-01-23,0,1645,102
412357730,,0,0,0,0,0,0,2024-01-23,20,2685,511
42648618,,0,0,0,0,0,0,2024-01-23,4,30,511
351999898,,0,0,0,0,0,0,2024-01-23,89,2487,235
223540414,,0,0,0,0,0,0,2024-01-23,1,3564,511
116237229,166237229         8V,0,0,0,0,0,0,2024-01-23,77,958,511
413530280,HANGXING88,0,0,16,10,3,2,2024-01-23,1,1630,163
413205000,,0,0,0,0,0,0,2024-01-23,92,217,511
100001094,,0,0,0,0,0,0,2024-01-23,0,0,511
372964161,,0,0,0,0,0,0,2024-01-23,6,616,187
274507914,,0,0,0,0,0,0,2024-01-23,0,0,255
22220018,SUQIYU02222-18_8.1V,0,0,3,5,1,2,2024-01-23,0,0,0
538010770,GULF BARAKAH,9464314,V7A7400,191,71,20,12,2024-01-22,154,2271,226
312434000,,0,0,0,0,0,0,2024-01-22,220,5110,511
108005135,MINFUDINGYU06155-H60,0,0,0,0,0,0,2024-01-22,14,2186,511
322456745,JB7,9036612,UBBB,27,28,6,3,2024-01-22,0,2055,162
14701865,OW3F-6H+1KW2B-8LP,0,0,0,0,0,0,2024-01-22,0,2360,511
274613750,,0,0,0,0,0,0,2024-01-22,0,298,153
269012686,,0,0,0,0,0,0,2024-01-22,140,2313,236
331035271,,0,0,0,0,0,0,2024-01-22,160,2913,336
442012345,,0,0,0,0,0,0,2024-01-22,0,0,511
414911000,NE433,9971941,BPKR5,197,31,9,23,2024-01-21,110,2960,511
412655798,,0,0,0,0,0,0,2024-01-21,9,1624,511
712071812,,0,0,0,0,0,0,2024-01-21,1,783,341
351542700,,0,0,0,0,0,0,2024-01-21,10,684,154
563677000,KOTA NALURI,9362308,9VHP2,138,42,18,10,2024-01-21,154,2130,216
511101312,FAR OCEAN,9764374,T8A4629,70,5,4,9,2024-01-21,118,2212,218
441500807,,0,0,0,0,0,0,2024-01-21,107,690,229
429404834,,0,0,0,0,0,0,2024-01-21,5,2950,348
233795728,,0,0,0,0,0,0,2024-01-21,0,850,511
340198098,,0,0,0,0,0,0,2024-01-21,116,693,69
411630876,,0,0,0,0,0,0,2024-01-20,0,3688,511
4876059,SUQIYU04876-59,0,0,0,0,0,0,2024-01-20,0,2782,0
636021528,CAPTAIN V. MADIAS,9617351,5LEJ6,197,32,8,24,2024-01-20,132,2140,214
219032844,CAPE SABLE,9950131,OUXW2,147,42,21,12,2024-01-20,160,2350,511
998244401,,0,0,0,0,0,0,2024-01-20,0,357,511
340281123,,0,0,0,0,0,0,2024-01-20,55,2650,511
251220000,,0,0,0,0,0,0,2024-01-20,0,2226,511
670960029,ZHEXIANGYU67096-29,0,0,0,0,0,0,2024-01-20,2,1710,511
21330030,,0,0,0,0,0,0,2024-01-20,82,3540,511
21330025,,0,0,0,0,0,0,2024-01-20,85,2940,511
48090015,,0,0,0,0,0,0,2024-01-20,78,3380,511
200221111,MINXIAYU01996,0,0,20,31,3,6,2024-01-20,93,2198,511
6366074,ZHEDAIYU06355-74,0,0,0,0,0,0,2024-01-20,85,3028,511
21330037,,0,0,0,0,0,0,2024-01-20,84,3150,511
60785738,,0,0,0,0,0,0,2024-01-20,0,40,511
532198629,,0,0,0,0,0,0,2024-01-20,1,1460,511
620999043,,0,0,0,0,0,0,2024-01-20,113,2086,209
428912823,,0,0,0,0,0,0,2024-01-20,238,3571,357
311328551,,0,0,0,0,0,0,2024-01-20,202,657,91
744833888,XINGHAI622,0,0,380,198,63,49,2024-01-19,97,3174,511
211347970,SUQIYU03479-70_7.3V,0,0,3,5,1,2,2024-01-19,0,0,0
49280015,,0,0,0,0,0,0,2024-01-19,94,2450,511
431541139,,0,0,0,0,0,0,2024-01-19,0,393,143
100518001,,0,0,0,0,0,0,2024-01-19,59,2750,511
81361236,SUQIYU03612---36 7V7,0,0,3,5,1,2,2024-01-19,0,0,0
73029064,ZHESHENGYU07302-64,0,0,0,0,0,0,2024-01-19,59,40,511
223540402,,0,0,0,0,0,0,2024-01-19,0,0,511
62541144,,0,0,5,5,20,20,2024-01-19,4,490,511
636305741,,0,0,0,0,0,0,2024-01-19,94,401,511
430052476,,0,0,0,0,0,0,2024-01-19,29,3251,16
538009330,OMEGA,9279836,V7A4604,162,28,16,16,2024-01-19,87,2855,287
533132855,SK PINNACLE,9715531,9M3145,12,47,10,5,2024-01-19,0,0,0
503376400,,0,0,0,0,0,0,2024-01-19,0,1572,186
412450875,,0,0,0,0,0,0,2024-01-18,101,2396,511
412864924,,0,0,0,0,0,0,2024-01-18,100,210,511
229982000,BRIGHTON,9966817,9HA5647,168,31,22,10,2024-01-18,130,2190,511
548984800,TAKLOBO,909429800,4DJK-6,17,23,3,6,2024-01-18,120,2240,511
419911000,NE433,9971941,BPKR5,197,31,9,23,2024-01-18,108,1394,137
441222046,,0,0,0,0,0,0,2024-01-18,0,5110,511
457900721,ST.ANNE 2,1044704,JVLK8,80,12,11,7,2024-01-18,90,2050,511
99335024,,0,0,0,0,0,0,2024-01-18,513,2078,4
170000318,SURUYU02386-20,0,0,0,0,0,0,2024-01-18,105,820,511
412694608,,0,0,0,0,0,0,2024-01-18,71,3352,345
491001107,,0,0,0,0,0,0,2024-01-18,84,2950,511
342135914,,0,0,0,0,0,0,2024-01-18,87,2914,511
62907821,,0,0,0,0,0,0,2024-01-18,90,2840,511
412231204,SURUYU02312-04,0,0,0,0,0,0,2024-01-17,0,910,511
412065058,,0,0,0,0,0,0,2024-01-17,103,2987,511
368219129,LIN21912-9,0,0,0,0,0,0,2024-01-17,1,1880,511
552133604,,0,0,0,0,0,0,2024-01-17,123,2624,266
352002350,D QUEENS,9300130,3E2280,0,197,0,28,2024-01-17,117,2093,209
311001122,,0,0,0,0,0,0,2024-01-17,0,0,511
352111005,,0,0,0,0,0,0,2024-01-17,195,636,88
353715760,,0,0,0,0,0,0,2024-01-17,100,1276,23
273299250,,0,0,0,0,0,0,2024-01-17,29,3515,126
10671382,,0,0,0,0,0,0,2024-01-17,5,90,511
456981783,,0,0,0,0,0,0,2024-01-17,170,3540,320
352883666,,0,0,511,222,30,50,2024-01-17,0,0,0
237590322,,0,0,0,0,0,0,2024-01-17,123,70,59
950123001,,0,0,0,0,0,0,2024-01-17,0,5110,511
815695249,,0,0,0,0,0,0,2024-01-17,282,314,511
563122467,,0,0,0,0,0,0,2024-01-17,123,2362,235
413912917,,0,0,0,0,0,0,2024-01-17,0,0,511
626438000,,0,0,0,0,0,0,2024-01-16,80,1480,511
1033347250,,0,0,0,0,0,0,2024-01-16,142,811,70
636022626,DELTA COMMANDER,9418157,5LJS2,230,44,33,15,2024-01-16,139,1070,113
440164470,SUNG JIN,0,352,0,0,0,0,2024-01-16,82,1166,0
413533720,,0,0,0,0,0,0,2024-01-16,111,870,84
677086100,MOHAMMED-Z,8805078,5IM961,62,17,7,6,2024-01-16,90,2240,511
419019420,,0,0,0,0,0,0,2024-01-16,179,1270,128
412453983,ZHELINYU12965,0,0,0,0,0,0,2024-01-16,0,0,5
161643810,,0,0,0,0,0,0,2024-01-16,100,3590,511
96425401,NET06698-02,0,0,0,0,0,0,2024-01-16,10,3090,511
833663858,,0,0,0,0,0,0,2024-01-16,135,2220,219
985380057,GEMINI 10,0,0,0,0,0,0,2024-01-16,3,2374,511
12711032,,0,0,0,0,0,0,2024-01-16,70,1590,511
998244388,,0,0,0,0,0,0,2024-01-16,0,0,511
440215872,SUGANYU02158 72 85,0,0,0,0,0,0,2024-01-15,1,220,22
440215852,SUGANYU02158 52 99,0,0,0,0,0,0,2024-01-15,1,40,4
229693006,,0,0,0,0,0,0,2024-01-15,132,800,233
440215866,SUGANYU02158 66 74,0,0,0,0,0,0,2024-01-15,0,2900,290
440083470,HAESUN2,0,602,0,0,0,0,2024-01-15,63,1178,0
440215855,SUGANYU02158 55 71,0,0,0,0,0,0,2024-01-15,0,1690,169
440215869,SUGANYU02158 69 29,0,0,0,0,0,0,2024-01-15,0,3370,337
440213683,SUGANYU02136 83 80,0,0,0,0,0,0,2024-01-15,5,2890,289
440215867,SUGANYU02158 67 71,0,0,0,0,0,0,2024-01-15,1,3190,319
312175000,JAYA  ELO  168,1045186,V3PD7,80,17,7,9,2024-01-15,100,2000,511
440215874,SUGANYU02158 74 76,0,0,0,0,0,0,2024-01-15,0,1060,106
440215863,SUGANYU02158 63 80,0,0,0,0,0,0,2024-01-15,1,3330,333
440215854,SUGANYU02158 54 87,0,0,0,0,0,0,2024-01-15,1,3430,343
440215876,SUGANYU02158 76 74,0,0,0,0,0,0,2024-01-15,1,2320,232
440215871,SUGANYU02158 71 84,0,0,0,0,0,0,2024-01-15,2,180,18
441984005,SF2 2014,0,19,0,0,0,0,2024-01-15,17,3170,0
440215858,SUGANYU02158 58 77,0,0,0,0,0,0,2024-01-15,0,200,20
440215862,SUGANYU02158 62 76,0,0,0,0,0,0,2024-01-15,1,70,7
440215879,SUGANYU02158 79 79,0,0,0,0,0,0,2024-01-15,0,1540,154
440052950,BENYUNG,0,0,0,0,0,0,2024-01-15,3,2848,0
440215865,SUGANYU02158 65 76,0,0,0,0,0,0,2024-01-15,0,3490,349
440007737,NET 44 ZSY0773785,0,0,0,0,0,0,2024-01-15,0,0,0
412021128,MIN PU YU 21128,0,0,0,0,0,0,2024-01-15,0,117,511
440215873,SUGANYU02158 73 77,0,0,0,0,0,0,2024-01-15,1,120,12
413536980,XIN LI YI HAO,0,0,2,6,2,1,2024-01-15,0,0,0
566280000,MMA HARMONY,9647801,9V3034,23,65,10,20,2024-01-15,0,0,0
36730205,,0,0,0,0,0,0,2024-01-15,5,1030,511
440220649,SUGANYU02206 49 99,0,0,0,0,0,0,2024-01-15,4,1000,100
367641650,,0,0,0,0,0,0,2024-01-14,4,154,89
440411670,TAEBAEK,0,500,0,0,0,0,2024-01-14,52,3013,0
440041720,DAEPARKHO,0,0,0,0,0,0,2024-01-14,2,1219,0
440029270,GANGMIN2,0,602,0,0,0,0,2024-01-14,68,2795,0
538008331,CE-BERMUDA,9411226,V7A2245,231,43,24,24,2024-01-14,111,1951,202
440046520,HWANGGEUM HO,0,504,0,0,0,0,2024-01-14,76,2160,0
440074230,YU REKA HO,0,803,0,0,0,0,2024-01-14,28,318,0
440307710,YISHUN,0,331,0,0,0,0,2024-01-14,57,909,90
440023480,1YONGSEONG HO,0,503,0,0,0,0,2024-01-14,2,1765,0
440133999,SUQIYU01339 B1 99,0,0,0,0,0,0,2024-01-14,0,1890,189
440125450,HAESUNG,0,500,0,0,0,0,2024-01-14,1,1043,0
413569830,HONGSHUNHAITUO3,0,BPKV4,15,30,6,7,2024-01-14,0,5110,511
38015356,,0,0,0,0,0,0,2024-01-14,115,3550,254
440057660,2018NAM IL,0,0,0,0,0,0,2024-01-14,39,3006,0
441002677,ZXYU10026 77 99,0,0,0,0,0,0,2024-01-14,0,1800,180
209903000,CEMCOMMANDER,9975753,5BHK6,100,13,6,9,2024-01-14,110,1880,511
440009680,WON JIN HO,0,0,0,0,0,0,2024-01-14,9,1394,0
441002688,ZXYU10026 88 99,0,0,0,0,0,0,2024-01-14,0,2780,278
440125920,BONGNAM9HO,0,609,0,0,0,0,2024-01-14,1,1,0
367537194,,0,0,0,0,0,0,2024-01-14,8,3600,511
77660010,,0,0,0,0,0,0,2024-01-14,19,1197,511
441002666,ZXYU10026 66 99,0,0,0,0,0,0,2024-01-14,0,0,0
440405620,DAEBAKHO,0,500DAE,0,0,0,0,2024-01-14,11,1092,0
926002999,SU GAN YU YUN_02999,0,0,0,0,0,0,2024-01-14,0,713,71
636012300,CL C,9921210,AAA,0,0,0,0,2024-01-13,0,903,511
440206750,HONGJUHO,0,208,0,0,0,0,2024-01-13,112,2305,0
896139951,,0,0,0,0,0,0,2024-01-13,224,911,79
970225871,SUQIYU02258-71,0,0,0,0,0,0,2024-01-13,2,3030,511
699294005,,0,0,0,0,0,0,2024-01-13,201,2877,511
512331323,,0,0,0,0,0,0,2024-01-13,84,3396,511
431800593,,0,0,0,0,0,0,2024-01-13,165,3540,308
440215877,SUGANYU02158 77 91,0,0,0,0,0,0,2024-01-13,5,3000,300
29981147,SUGANYU02998-47,0,0,0,0,0,0,2024-01-13,5,2960,511
338403904,,0,0,0,0,0,0,2024-01-13,192,2818,278
412865716,,0,0,0,0,0,0,2024-01-13,96,2179,511
61219903,,0,0,0,0,0,0,2024-01-13,0,0,0
413356068,,0,0,0,0,0,0,2024-01-12,89,149,511
26081900,,0,0,0,0,0,0,2024-01-12,14,3280,511
341364001,HONG,9064798,V4PG5,187,16,21,10,2024-01-12,130,2290,511
223540233,,0,0,0,0,0,0,2024-01-12,29,3207,511
297885796,,0,0,0,0,0,0,2024-01-12,43,1046,38
540626960,,0,0,0,0,0,0,2024-01-12,139,286,29
440704050,JANG SU 2 HO,0,0,0,0,0,0,2024-01-12,34,2917,0
485157431,,0,0,0,0,0,0,2024-01-12,590,1530,511
412331983,LURISHANYU77224,0,0,0,0,0,0,2024-01-12,574,2361,511
33613066,,0,0,0,0,0,0,2024-01-12,11,3590,511
412329486,LULANYU77658,0,0,0,0,0,0,2024-01-12,70,2182,511
618710001,LURONGLENG69,0,0,0,0,0,0,2024-01-12,35,2062,511
412533043,LIAOYINGYU26576,0,0,0,0,0,0,2024-01-12,101,2723,511
440518801,HUAYANG 0192,0,0,0,0,0,0,2024-01-12,46,1860,186
61219918,,0,0,0,0,0,0,2024-01-12,0,0,0
311000256,,0,0,0,0,0,0,2024-01-12,724,3982,333
416057889,,0,BK8235,11,10,2,2,2024-01-12,63,180,511
440032490,PAL BOK HO,0,0,0,0,0,0,2024-01-12,289,965,0
622166811,,0,0,0,0,0,0,2024-01-12,85,1211,4
798005909,,0,0,0,0,0,0,2024-01-12,78,129,511
177230750,QIONG LIN YU22177-50,0,0,5,5,5,5,2024-01-12,0,0,0
422197120,,0,0,0,0,0,0,2024-01-12,29,2029,511
27056928,,0,0,0,0,0,0,2024-01-11,113,2396,242
440060560,CHEONJIHO,0,211,0,0,0,0,2024-01-11,61,2105,0
440978605,MINXIAYU09786 05 10,0,0,0,0,0,0,2024-01-11,3,3390,339
440075330,JE2006 DAE YANG HO,0,809,0,0,0,0,2024-01-11,2,2,0
596880000,,0,0,0,0,0,0,2024-01-11,2,367,511
440600146,UNAVAILABLE,0,0,0,0,0,0,2024-01-11,7,569,0
440518806,HUAYANG 0682,0,0,0,0,0,0,2024-01-11,5,1130,113
440058410,GUKRIPGONGWON306HO,0,601,0,0,0,0,2024-01-11,188,2472,0
10485941,,0,0,0,0,0,0,2024-01-11,83,90,0
60485944,,0,0,0,0,0,0,2024-01-11,83,790,511
440518807,HUAYANG 0799,0,0,0,0,0,0,2024-01-10,4,1500,150
440518810,HUAYANG 1078,0,0,0,0,0,0,2024-01-10,43,2780,278
211883945,,0,0,0,0,0,0,2024-01-10,103,727,74
440518805,HUAYANG 0590,0,0,0,0,0,0,2024-01-10,0,3110,311
440518804,HUAYANG 0499,0,0,0,0,0,0,2024-01-10,4,710,71
440518808,HUAYANG 0871,0,0,0,0,0,0,2024-01-10,0,3590,359
477661852,,0,0,0,0,0,0,2024-01-10,170,631,54
412328922,,0,0,0,0,0,0,2024-01-09,2,3486,511
44130005,,0,0,0,0,0,0,2024-01-09,3,2029,0
223540439,,0,0,0,0,0,0,2024-01-09,229,2313,511
948460196,,0,0,0,0,0,0,2024-01-09,69,2019,201
441076068,BUOY 760 68     10V9,0,0,0,0,0,0,2024-01-09,0,465,0
412225149,,0,0,0,0,0,0,2024-01-09,0,0,511
412524275,,0,0,0,0,0,0,2024-01-09,7,0,511
412348036,,0,0,0,0,0,0,2024-01-09,1,3173,511
636021529,MSC ALDEBARAN III,9301990,D5YM3,184,22,24,8,2024-01-09,1,1610,295
563193500,MAERSK WALVIS BAY,9550369,9V8854,132,40,18,10,2024-01-09,153,2883,285
98740690,,0,0,0,0,0,0,2024-01-09,1,2300,351
814208049,SHENG14208-49,0,0,20,10,3,2,2024-01-09,0,0,0
255854000,ANHOLT,9968205,CQVP,80,9,12,4,2024-01-09,100,2130,511
413546820,SHUNDA168,0,BPIT4,79,18,11,5,2024-01-09,28,2499,268
255892000,EBERHART ESSBERGER,9939802,CQWY,92,28,2,16,2024-01-09,110,2070,511
44130062,,0,0,0,0,0,0,2024-01-09,9,202,0
555579434,SAIYANG,0,168,3,42,5,5,2024-01-09,0,1576,157
636014191,,0,0,0,0,0,0,2024-01-09,53,3490,341
529729001,F/V MARAWA2,7806491,T3NG2,19,51,2,11,2024-01-09,137,1166,119
810269322,,0,0,0,0,0,0,2024-01-09,19,1290,511
44160039,,0,0,0,0,0,0,2024-01-09,0,0,0
626400000,NS SPIRIT,9318553,TRBI7,154,28,18,14,2024-01-09,122,2067,211
414300066,YONGSHENGMAOTUO6,0,0,0,0,0,0,2024-01-09,64,3599,0
223524127,,0,0,0,0,0,0,2024-01-09,0,242,511
440000494,ANSEUNJANG,0,800,0,0,0,0,2024-01-09,147,407,0
248578808,,0,0,0,0,0,0,2024-01-09,210,2697,300
412427331,,0,0,0,0,0,0,2024-01-09,71,2161,216
970598961,,0,0,0,0,0,0,2024-01-09,0,0,511
413558301,,0,0,0,0,0,0,2024-01-09,70,5110,511
911111119,DL REDER,0,8R89,7,14,6,7,2024-01-09,0,181,511
666406748,,0,0,0,0,0,0,2024-01-09,0,90,511
414917000,ZHONGYUANCHUANQI396,9922598,BPKM4,131,268,41,20,2024-01-09,141,889,89
44130003,,0,0,0,0,0,0,2024-01-09,4,1375,0
432802905,,0,0,0,0,0,0,2024-01-09,90,3295,299
413590746,HAICHENG876,0,0,60,60,13,5,2024-01-09,108,1850,511
416058168,,0,BK8235,11,10,2,2,2024-01-09,0,3229,511
413561830,HENGSHENG996,0,0,63,10,7,8,2024-01-09,90,1430,511
429561513,,0,0,0,0,0,0,2024-01-09,237,909,216
440342866,SUQIYU03428 66 98,0,0,0,0,0,0,2024-01-09,0,2130,213
440103880,UNAVAILABLE,0,600,0,0,0,0,2024-01-09,41,868,0
353079978,,0,0,0,0,0,0,2024-01-09,94,601,511
412208302,,0,0,0,0,0,0,2024-01-09,1,0,511
44138037,,0,0,0,0,0,0,2024-01-09,9,3065,0
414235674,,0,0,0,0,0,0,2024-01-09,2,2824,511
44130066,,0,0,0,0,0,0,2024-01-09,9,2091,0
44130037,,0,0,0,0,0,0,2024-01-09,10,1213,0
260000061,YUAN YANG,0,0,0,0,0,0,2024-01-09,0,0,0
354476440,,0,0,0,0,0,0,2024-01-09,102,2256,232
412230961,,0,0,0,0,0,0,2024-01-09,0,2668,511
412221438,,0,0,0,0,0,0,2024-01-09,3,972,511
44138048,,0,0,0,0,0,0,2024-01-09,3,854,0
44053432,,0,0,0,0,0,0,2024-01-09,5,3378,0
412230512,,0,512,5,3,2,2,2024-01-09,0,0,0
412328954,,0,0,0,0,0,0,2024-01-09,1,366,511
189302580,,0,0,0,0,0,0,2024-01-09,0,1735,511
412348003,,0,0,0,0,0,0,2024-01-09,4,2180,511
412215926,,0,0,0,0,0,0,2024-01-09,0,0,511
223539227,,0,0,0,0,0,0,2024-01-09,0,0,511
412326702,,0,0,0,0,0,0,2024-01-09,1,2598,511
223530514,,0,0,0,0,0,0,2024-01-09,0,0,511
412353436,,0,0,0,0,0,0,2024-01-09,2,808,511
970597335,,0,0,0,0,0,0,2024-01-09,8,8,511
987755184,,0,0,0,0,0,0,2024-01-09,76,130,511
412338718,,0,0,0,0,0,0,2024-01-09,2,0,511
412211002,,0,0,0,0,0,0,2024-01-09,0,52,511
223416044,,0,0,0,0,0,0,2024-01-09,0,0,511
413877868,,0,0,0,0,0,0,2024-01-09,0,3600,511
412282052,,0,0,0,0,0,0,2024-01-09,0,0,511
412366776,,0,0,0,0,0,0,2024-01-09,0,3039,511
189300521,,0,0,0,0,0,0,2024-01-09,1,0,511
413257530,,0,0,0,0,0,0,2024-01-09,0,0,511
413868072,,0,0,0,0,0,0,2024-01-09,0,3600,511
478159500,NEW EMINENCE,0,0,284,49,25,35,2024-01-09,0,0,0
412338989,,0,0,0,0,0,0,2024-01-09,2,3156,511
412225747,,0,0,0,0,0,0,2024-01-09,0,1148,511
412348023,,0,0,0,0,0,0,2024-01-09,4,0,511
412507725,,0,0,0,0,0,0,2024-01-09,1,3050,511
412225133,,0,0,0,0,0,0,2024-01-09,0,0,511
412224643,,0,0,0,0,0,0,2024-01-09,7,976,511
412326231,,0,0,0,0,0,0,2024-01-09,0,3120,511
223540391,,0,0,0,0,0,0,2024-01-09,3,44,511
412225342,,0,0,0,0,0,0,2024-01-09,0,2980,511
223539330,,0,0,0,0,0,0,2024-01-09,3,1319,511
412338963,,0,0,0,0,0,0,2024-01-09,0,2065,511
412348027,,0,0,0,0,0,0,2024-01-09,2,2022,511
412338556,,0,0,0,0,0,0,2024-01-09,1,0,511
223524288,,0,0,0,0,0,0,2024-01-09,0,1825,511
400042565,,0,0,0,0,0,0,2024-01-09,122,2122,212
223400083,,0,0,0,0,0,0,2024-01-09,0,1554,511
412212182,,0,0,0,0,0,0,2024-01-09,0,0,511
412507713,,0,0,0,0,0,0,2024-01-09,3,0,511
200233835,,0,0,0,0,0,0,2024-01-09,38,3599,511
412338715,,0,0,0,0,0,0,2024-01-09,0,1843,511
223528034,,0,0,0,0,0,0,2024-01-09,1,568,511
412328947,,0,0,0,0,0,0,2024-01-09,1,1763,511
412211245,,0,0,0,0,0,0,2024-01-09,0,0,511
411176457,,0,0,0,0,0,0,2024-01-08,2,1388,511
223540317,,0,0,0,0,0,0,2024-01-08,0,0,511
102362599,ZHEDAIYU04267-22,0,0,0,0,0,0,2024-01-08,79,3280,511
223540463,,0,0,0,0,0,0,2024-01-08,0,0,0
374177008,,0,0,0,0,0,0,2024-01-08,0,1073,511
341376001,KONSHIN,7733840,V4PS5,94,20,9,4,2024-01-08,60,2160,511
413564790,HUI FENG HAI,0,BPKH9,128,21,19,8,2024-01-08,102,2927,295
269019825,,0,0,0,0,0,0,2024-01-08,0,1302,511
365384030,,0,0,0,0,0,0,2024-01-08,370,1135,113
412479120,,0,0,0,0,0,0,2024-01-08,69,2104,215
807489581,,0,0,0,0,0,0,2024-01-08,85,645,60
412495126,ZHEXIANGYU 28065,0,0,30,11,5,4,2024-01-08,0,0,0
223540503,,0,0,0,0,0,0,2024-01-08,207,575,511
83587599,,0,0,0,0,0,0,2024-01-08,114,3420,343
413211577,ANTAI16,0,0,0,0,0,0,2024-01-08,6,2465,246
367538522,,0,0,0,0,0,0,2024-01-08,83,2998,511
412010399,,0,0,0,0,0,0,2024-01-08,5,894,511
441341065,,0,0,0,0,0,0,2024-01-08,127,809,54
440316222,SXXW,0,0,0,0,0,0,2024-01-07,92,287,28
223540425,,0,0,0,0,0,0,2024-01-07,107,706,511
3145736,H,16777216,@@PB,0,0,0,0,2024-01-07,0,0,511
235026746,,0,0,0,0,0,0,2024-01-07,244,2363,84
563787332,,0,0,0,0,0,0,2024-01-07,167,204,53
412467907,QIONGLINYU03666,0,0,0,0,0,0,2024-01-07,106,2323,511
411256666,,0,0,0,0,0,0,2024-01-07,0,5110,511
303162010,,0,0,0,0,0,0,2024-01-07,108,233,22
413857047,,0,0,0,0,0,0,2024-01-07,0,455,511
636021459,,0,0,0,0,0,0,2024-01-07,90,250,35
412282812,JILUANYU01111,0,0,0,0,0,0,2024-01-07,107,2792,511
275028384,,0,0,0,0,0,0,2024-01-07,90,1627,148
413262450,,0,0,0,0,0,0,2024-01-07,0,2313,511
430614343,,0,0,0,0,0,0,2024-01-07,32,2010,176
477157316,,0,0,0,0,0,0,2024-01-07,119,2709,269
426780646,,0,0,0,0,0,0,2024-01-07,98,861,85
100437035,,0,0,0,0,0,0,2024-01-07,1,1487,511
716756420,,0,0,0,0,0,0,2024-01-07,139,2514,249
10665181,,0,0,0,0,0,0,2024-01-06,8,3080,511
443925000,,0,0,0,0,0,0,2024-01-06,60,5110,511
22249712,,0,0,0,0,0,0,2024-01-06,110,530,50
248550089,,0,0,0,0,0,0,2024-01-06,114,638,17
413319780,YUN FU 99,0,0,100,20,16,7,2024-01-06,90,2220,511
613956304,,0,0,0,0,0,0,2024-01-06,90,2110,511
10642451,,0,0,0,0,0,0,2024-01-06,0,0,0
223540418,,0,0,0,0,0,0,2024-01-06,1,0,511
700061946,,0,0,511,511,63,63,2024-01-06,40,1594,160
210338000,,0,0,0,0,0,0,2024-01-06,0,1097,202
223540419,,0,0,0,0,0,0,2024-01-05,116,655,511
416006689,,0,0,0,0,0,0,2024-01-05,40,2090,511
1061060607,,0,0,0,0,0,0,2024-01-05,236,3824,511
636011093,,0,0,0,0,0,0,2024-01-05,189,918,89
223540224,,0,0,0,0,0,0,2024-01-05,9,1436,511
200000184,,0,0,0,0,0,0,2024-01-05,81,304,511
23900031,,0,0,0,0,0,0,2024-01-05,62,2150,215
313412893,,0,0,0,0,0,0,2024-01-05,168,1463,118
428903561,,0,0,0,0,0,0,2024-01-05,188,2060,207
366005812,,0,0,0,0,0,0,2024-01-05,196,674,63
440968696,,0,0,0,0,0,0,2024-01-05,100,1628,161
990239025,,0,0,0,0,0,0,2024-01-05,59,2130,213
223540416,,0,0,0,0,0,0,2024-01-05,0,0,511
412348354,,0,0,0,0,0,0,2024-01-05,68,2373,511
413950586,,0,0,0,0,0,0,2024-01-05,0,3910,511
470510000,,0,0,0,0,0,0,2024-01-04,16,3600,511
99481398,SUQIYU04813-98,0,0,0,0,0,0,2024-01-04,3,2340,511
780342518,SUQIYU03425*18_8.2V,0,0,3,5,1,2,2024-01-04,0,0,0
223540407,,0,0,0,0,0,0,2024-01-04,0,0,511
512010201,MATEWA,0,0,0,0,0,0,2024-01-04,65,263,15
999999950,,0,0,0,0,0,0,2024-01-04,0,0,511
416006833,,0,0,0,0,0,0,2024-01-04,71,3124,511
965818009,,0,0,0,0,0,0,2024-01-04,36,1462,143
435195038,,0,0,0,0,0,0,2024-01-04,108,2200,220
224066560,,0,0,0,0,0,0,2024-01-04,68,222,316
367796188,,0,0,0,0,0,0,2024-01-03,64,3600,511
31123612,TIELONG01236-12,0,0,0,0,0,0,2024-01-03,1,2490,511
242367988,,0,0,0,0,0,0,2024-01-03,100,1936,511
1038458800,,0,0,0,0,0,0,2024-01-03,1,2923,511
600935956,,0,0,0,0,0,0,2024-01-03,78,1865,511
112259300,,0,0,0,0,0,0,2024-01-03,170,2600,511
163551000,,0,0,0,0,0,0,2024-01-03,153,2890,290
292180008,,0,0,0,0,0,0,2024-01-03,17,2586,511
209690680,,0,0,0,0,0,0,2024-01-03,124,1514,150
316009813,,0,0,0,0,0,0,2024-01-03,12,3718,511
620674,,0,0,0,0,0,0,2024-01-03,25,90,0
400516763,,0,0,0,0,0,0,2024-01-03,70,845,84
10289818,,0,0,0,0,0,0,2024-01-03,104,40,511
431649335,,0,0,0,0,0,0,2024-01-02,160,2119,211
3601008,SUQIYU03601-08,0,0,0,0,0,0,2024-01-02,3,1170,511
412524180,,0,0,0,0,0,0,2024-01-02,57,249,511
636017886,,0,0,0,0,0,0,2024-01-02,103,121,16
413610512,XINFU 112,9962574,0,116,250,35,16,2024-01-02,0,3026,125
416753396,,0,BK8235,11,10,2,2,2024-01-02,0,1779,511
902128894,,0,0,0,0,0,0,2024-01-02,80,190,511
477629468,,0,0,0,0,0,0,2024-01-02,122,846,157
61365937,SUQIYU03659---37,0,0,3,5,1,2,2024-01-02,0,0,0
60146339,,0,0,5,5,5,5,2024-01-02,15,160,511
413984596,,0,0,0,0,0,0,2024-01-02,275,286,511
373585016,,0,0,0,0,0,0,2024-01-02,636,2721,221
431107014,,0,0,0,0,0,0,2024-01-02,104,1112,201
994026518,,0,0,0,0,0,0,2024-01-01,68,2611,511
660105603,,0,0,0,0,0,0,2024-01-01,2,1660,511
660105609,,0,0,0,0,0,0,2024-01-01,4,280,511
838654086,,0,0,0,0,0,0,2024-01-01,9,1206,67
660105611,,0,0,0,0,0,0,2024-01-01,85,780,511
660105602,,0,0,0,0,0,0,2024-01-01,58,2090,511
42951915,,0,0,0,0,0,0,2024-01-01,81,390,511
42951925,,0,0,0,0,0,0,2024-01-01,92,180,511
660105607,ZXY01056-07-,0,0,0,0,0,0,2024-01-01,0,0,0
44026508,,0,0,0,0,0,0,2024-01-01,62,2700,511
42950609,,0,0,0,0,0,0,2024-01-01,81,290,511
10560001,,0,0,0,0,0,0,2024-01-01,74,890,511
10438749,,0,0,0,0,0,0,2024-01-01,99,290,511
413519050,,0,0,0,0,0,0,2024-01-01,103,2176,511
60429111,,0,0,4,4,3,3,2024-01-01,103,960,511
127253080,,0,0,0,0,0,0,2024-01-01,5,561,10
